Date,Country,Civilian Deaths,Military Deaths,Military Wounded,Source
2022-02-24,Ukraine,1,22,36,Simulated
2022-02-24,Russia,3,41,24,Simulated
2022-02-25,Ukraine,16,15,85,Simulated
2022-02-25,Russia,7,14,17,Simulated
2022-02-26,Ukraine,0,21,69,Simulated
2022-02-26,Russia,8,25,20,Simulated
2022-02-27,Ukraine,19,18,85,Simulated
2022-02-27,Russia,18,32,11,Simulated
2022-02-28,Ukraine,9,7,30,Simulated
2022-02-28,Russia,5,3,41,Simulated
2022-03-01,Ukraine,2,12,23,Simulated
2022-03-01,Russia,6,37,60,Simulated
2022-03-02,Ukraine,18,12,53,Simulated
2022-03-02,Russia,14,2,73,Simulated
2022-03-03,Ukraine,5,33,37,Simulated
2022-03-03,Russia,16,50,12,Simulated
2022-03-04,Ukraine,11,1,79,Simulated
2022-03-04,Russia,15,9,60,Simulated
2022-03-05,Ukraine,9,32,78,Simulated
2022-03-05,Russia,14,21,21,Simulated
2022-03-06,Ukraine,8,27,2,Simulated
2022-03-06,Russia,16,25,25,Simulated
2022-03-07,Ukraine,14,14,6,Simulated
2022-03-07,Russia,15,15,87,Simulated
2022-03-08,Ukraine,12,34,6,Simulated
2022-03-08,Russia,2,9,44,Simulated
2022-03-09,Ukraine,5,37,66,Simulated
2022-03-09,Russia,14,20,57,Simulated
2022-03-10,Ukraine,3,36,24,Simulated
2022-03-10,Russia,6,28,95,Simulated
2022-03-11,Ukraine,10,25,38,Simulated
2022-03-11,Russia,15,10,85,Simulated
2022-03-12,Ukraine,17,43,78,Simulated
2022-03-12,Russia,8,41,75,Simulated
2022-03-13,Ukraine,18,2,69,Simulated
2022-03-13,Russia,3,42,54,Simulated
2022-03-14,Ukraine,19,32,97,Simulated
2022-03-14,Russia,1,47,4,Simulated
2022-03-15,Ukraine,14,21,10,Simulated
2022-03-15,Russia,6,37,99,Simulated
2022-03-16,Ukraine,9,33,81,Simulated
2022-03-16,Russia,3,2,11,Simulated
2022-03-17,Ukraine,6,24,24,Simulated
2022-03-17,Russia,12,46,72,Simulated
2022-03-18,Ukraine,4,25,2,Simulated
2022-03-18,Russia,11,29,29,Simulated
2022-03-19,Ukraine,3,4,43,Simulated
2022-03-19,Russia,20,5,84,Simulated
2022-03-20,Ukraine,6,19,36,Simulated
2022-03-20,Russia,9,17,54,Simulated
2022-03-21,Ukraine,14,11,50,Simulated
2022-03-21,Russia,18,34,95,Simulated
2022-03-22,Ukraine,8,14,57,Simulated
2022-03-22,Russia,3,28,1,Simulated
2022-03-23,Ukraine,11,38,79,Simulated
2022-03-23,Russia,17,45,13,Simulated
2022-03-24,Ukraine,13,24,3,Simulated
2022-03-24,Russia,19,36,51,Simulated
2022-03-25,Ukraine,19,18,33,Simulated
2022-03-25,Russia,0,10,74,Simulated
2022-03-26,Ukraine,19,45,1,Simulated
2022-03-26,Russia,0,7,9,Simulated
2022-03-27,Ukraine,9,21,89,Simulated
2022-03-27,Russia,16,19,54,Simulated
2022-03-28,Ukraine,7,17,26,Simulated
2022-03-28,Russia,4,19,25,Simulated
2022-03-29,Ukraine,14,36,34,Simulated
2022-03-29,Russia,15,10,72,Simulated
2022-03-30,Ukraine,11,0,69,Simulated
2022-03-30,Russia,11,17,93,Simulated
2022-03-31,Ukraine,14,4,65,Simulated
2022-03-31,Russia,10,27,90,Simulated
2022-04-01,Ukraine,12,32,41,Simulated
2022-04-01,Russia,12,30,14,Simulated
2022-04-02,Ukraine,15,40,87,Simulated
2022-04-02,Russia,6,33,45,Simulated
2022-04-03,Ukraine,0,21,43,Simulated
2022-04-03,Russia,7,36,77,Simulated
2022-04-04,Ukraine,19,31,44,Simulated
2022-04-04,Russia,5,5,63,Simulated
2022-04-05,Ukraine,12,2,7,Simulated
2022-04-05,Russia,1,42,50,Simulated
2022-04-06,Ukraine,9,41,60,Simulated
2022-04-06,Russia,9,41,67,Simulated
2022-04-07,Ukraine,11,10,50,Simulated
2022-04-07,Russia,11,33,52,Simulated
2022-04-08,Ukraine,8,36,27,Simulated
2022-04-08,Russia,17,34,9,Simulated
2022-04-09,Ukraine,13,18,98,Simulated
2022-04-09,Russia,8,36,66,Simulated
2022-04-10,Ukraine,5,21,58,Simulated
2022-04-10,Russia,10,30,65,Simulated
2022-04-11,Ukraine,1,18,31,Simulated
2022-04-11,Russia,11,8,56,Simulated
2022-04-12,Ukraine,15,19,89,Simulated
2022-04-12,Russia,6,11,27,Simulated
2022-04-13,Ukraine,11,21,19,Simulated
2022-04-13,Russia,13,21,32,Simulated
2022-04-14,Ukraine,12,31,24,Simulated
2022-04-14,Russia,6,27,15,Simulated
2022-04-15,Ukraine,14,49,55,Simulated
2022-04-15,Russia,10,29,3,Simulated
2022-04-16,Ukraine,20,33,66,Simulated
2022-04-16,Russia,2,8,74,Simulated
2022-04-17,Ukraine,8,25,48,Simulated
2022-04-17,Russia,7,5,27,Simulated
2022-04-18,Ukraine,20,20,67,Simulated
2022-04-18,Russia,15,23,63,Simulated
2022-04-19,Ukraine,19,14,15,Simulated
2022-04-19,Russia,13,25,96,Simulated
2022-04-20,Ukraine,3,5,85,Simulated
2022-04-20,Russia,0,49,63,Simulated
2022-04-21,Ukraine,17,30,59,Simulated
2022-04-21,Russia,9,14,53,Simulated
2022-04-22,Ukraine,0,28,80,Simulated
2022-04-22,Russia,2,6,60,Simulated
2022-04-23,Ukraine,18,31,99,Simulated
2022-04-23,Russia,13,44,99,Simulated
2022-04-24,Ukraine,15,28,56,Simulated
2022-04-24,Russia,14,50,56,Simulated
2022-04-25,Ukraine,11,43,100,Simulated
2022-04-25,Russia,19,0,6,Simulated
2022-04-26,Ukraine,18,26,41,Simulated
2022-04-26,Russia,18,36,42,Simulated
2022-04-27,Ukraine,9,16,65,Simulated
2022-04-27,Russia,1,20,41,Simulated
2022-04-28,Ukraine,20,39,4,Simulated
2022-04-28,Russia,13,33,33,Simulated
2022-04-29,Ukraine,9,25,6,Simulated
2022-04-29,Russia,17,0,53,Simulated
2022-04-30,Ukraine,8,0,95,Simulated
2022-04-30,Russia,2,15,2,Simulated
2022-05-01,Ukraine,1,30,80,Simulated
2022-05-01,Russia,9,33,80,Simulated
2022-05-02,Ukraine,13,50,41,Simulated
2022-05-02,Russia,15,45,63,Simulated
2022-05-03,Ukraine,0,50,25,Simulated
2022-05-03,Russia,14,8,71,Simulated
2022-05-04,Ukraine,7,5,10,Simulated
2022-05-04,Russia,11,29,98,Simulated
2022-05-05,Ukraine,20,14,60,Simulated
2022-05-05,Russia,19,50,32,Simulated
2022-05-06,Ukraine,11,0,95,Simulated
2022-05-06,Russia,17,35,40,Simulated
2022-05-07,Ukraine,0,27,54,Simulated
2022-05-07,Russia,4,5,9,Simulated
2022-05-08,Ukraine,1,28,82,Simulated
2022-05-08,Russia,2,31,56,Simulated
2022-05-09,Ukraine,16,47,51,Simulated
2022-05-09,Russia,8,14,98,Simulated
2022-05-10,Ukraine,6,48,49,Simulated
2022-05-10,Russia,12,6,85,Simulated
2022-05-11,Ukraine,5,42,70,Simulated
2022-05-11,Russia,18,42,11,Simulated
2022-05-12,Ukraine,16,19,94,Simulated
2022-05-12,Russia,2,35,81,Simulated
2022-05-13,Ukraine,3,10,99,Simulated
2022-05-13,Russia,18,48,91,Simulated
2022-05-14,Ukraine,17,24,63,Simulated
2022-05-14,Russia,17,25,11,Simulated
2022-05-15,Ukraine,4,43,97,Simulated
2022-05-15,Russia,17,33,21,Simulated
2022-05-16,Ukraine,18,6,87,Simulated
2022-05-16,Russia,0,41,90,Simulated
2022-05-17,Ukraine,4,37,73,Simulated
2022-05-17,Russia,2,38,49,Simulated
2022-05-18,Ukraine,2,2,4,Simulated
2022-05-18,Russia,3,6,45,Simulated
2022-05-19,Ukraine,10,39,50,Simulated
2022-05-19,Russia,2,19,24,Simulated
2022-05-20,Ukraine,7,31,82,Simulated
2022-05-20,Russia,16,23,36,Simulated
2022-05-21,Ukraine,1,13,23,Simulated
2022-05-21,Russia,5,4,70,Simulated
2022-05-22,Ukraine,18,18,21,Simulated
2022-05-22,Russia,12,48,47,Simulated
2022-05-23,Ukraine,15,35,41,Simulated
2022-05-23,Russia,10,34,86,Simulated
2022-05-24,Ukraine,11,47,94,Simulated
2022-05-24,Russia,8,27,79,Simulated
2022-05-25,Ukraine,1,17,97,Simulated
2022-05-25,Russia,13,13,47,Simulated
2022-05-26,Ukraine,14,11,75,Simulated
2022-05-26,Russia,17,38,93,Simulated
2022-05-27,Ukraine,6,50,48,Simulated
2022-05-27,Russia,9,36,19,Simulated
2022-05-28,Ukraine,15,40,20,Simulated
2022-05-28,Russia,18,2,22,Simulated
2022-05-29,Ukraine,9,26,83,Simulated
2022-05-29,Russia,18,12,53,Simulated
2022-05-30,Ukraine,20,10,47,Simulated
2022-05-30,Russia,13,27,75,Simulated
2022-05-31,Ukraine,3,29,75,Simulated
2022-05-31,Russia,7,23,52,Simulated
2022-06-01,Ukraine,1,32,25,Simulated
2022-06-01,Russia,18,26,52,Simulated
2022-06-02,Ukraine,17,15,67,Simulated
2022-06-02,Russia,15,39,59,Simulated
2022-06-03,Ukraine,3,8,78,Simulated
2022-06-03,Russia,6,16,31,Simulated
2022-06-04,Ukraine,18,39,99,Simulated
2022-06-04,Russia,16,1,33,Simulated
2022-06-05,Ukraine,2,49,96,Simulated
2022-06-05,Russia,11,10,9,Simulated
2022-06-06,Ukraine,13,19,26,Simulated
2022-06-06,Russia,20,24,18,Simulated
2022-06-07,Ukraine,7,6,43,Simulated
2022-06-07,Russia,16,19,72,Simulated
2022-06-08,Ukraine,4,13,42,Simulated
2022-06-08,Russia,4,9,51,Simulated
2022-06-09,Ukraine,6,7,92,Simulated
2022-06-09,Russia,18,44,41,Simulated
2022-06-10,Ukraine,17,1,63,Simulated
2022-06-10,Russia,10,29,65,Simulated
2022-06-11,Ukraine,12,13,42,Simulated
2022-06-11,Russia,8,13,49,Simulated
2022-06-12,Ukraine,1,7,95,Simulated
2022-06-12,Russia,7,38,89,Simulated
2022-06-13,Ukraine,0,8,63,Simulated
2022-06-13,Russia,4,47,32,Simulated
2022-06-14,Ukraine,12,39,42,Simulated
2022-06-14,Russia,7,3,32,Simulated
2022-06-15,Ukraine,15,12,20,Simulated
2022-06-15,Russia,2,9,95,Simulated
2022-06-16,Ukraine,15,24,89,Simulated
2022-06-16,Russia,18,38,79,Simulated
2022-06-17,Ukraine,19,10,18,Simulated
2022-06-17,Russia,6,1,46,Simulated
2022-06-18,Ukraine,14,23,8,Simulated
2022-06-18,Russia,20,23,63,Simulated
2022-06-19,Ukraine,5,41,77,Simulated
2022-06-19,Russia,1,39,90,Simulated
2022-06-20,Ukraine,2,30,5,Simulated
2022-06-20,Russia,20,44,43,Simulated
2022-06-21,Ukraine,1,3,37,Simulated
2022-06-21,Russia,16,22,95,Simulated
2022-06-22,Ukraine,10,41,10,Simulated
2022-06-22,Russia,20,16,43,Simulated
2022-06-23,Ukraine,8,25,6,Simulated
2022-06-23,Russia,1,44,84,Simulated
2022-06-24,Ukraine,0,46,73,Simulated
2022-06-24,Russia,0,28,18,Simulated
2022-06-25,Ukraine,18,25,25,Simulated
2022-06-25,Russia,8,19,65,Simulated
2022-06-26,Ukraine,3,11,93,Simulated
2022-06-26,Russia,13,12,70,Simulated
2022-06-27,Ukraine,19,14,98,Simulated
2022-06-27,Russia,4,13,44,Simulated
2022-06-28,Ukraine,16,22,78,Simulated
2022-06-28,Russia,0,13,17,Simulated
2022-06-29,Ukraine,0,20,91,Simulated
2022-06-29,Russia,4,24,48,Simulated
2022-06-30,Ukraine,19,29,4,Simulated
2022-06-30,Russia,18,49,31,Simulated
2022-07-01,Ukraine,2,34,23,Simulated
2022-07-01,Russia,9,46,41,Simulated
2022-07-02,Ukraine,13,25,45,Simulated
2022-07-02,Russia,17,9,61,Simulated
2022-07-03,Ukraine,2,47,9,Simulated
2022-07-03,Russia,6,47,29,Simulated
2022-07-04,Ukraine,9,37,71,Simulated
2022-07-04,Russia,4,46,53,Simulated
2022-07-05,Ukraine,4,18,83,Simulated
2022-07-05,Russia,18,13,8,Simulated
2022-07-06,Ukraine,10,41,30,Simulated
2022-07-06,Russia,15,38,74,Simulated
2022-07-07,Ukraine,16,22,0,Simulated
2022-07-07,Russia,1,36,58,Simulated
2022-07-08,Ukraine,4,32,10,Simulated
2022-07-08,Russia,12,2,7,Simulated
2022-07-09,Ukraine,12,35,67,Simulated
2022-07-09,Russia,8,35,5,Simulated
2022-07-10,Ukraine,17,17,53,Simulated
2022-07-10,Russia,6,4,10,Simulated
2022-07-11,Ukraine,19,11,33,Simulated
2022-07-11,Russia,16,15,12,Simulated
2022-07-12,Ukraine,2,32,89,Simulated
2022-07-12,Russia,2,9,37,Simulated
2022-07-13,Ukraine,11,12,77,Simulated
2022-07-13,Russia,16,31,80,Simulated
2022-07-14,Ukraine,7,45,80,Simulated
2022-07-14,Russia,6,46,55,Simulated
2022-07-15,Ukraine,10,44,16,Simulated
2022-07-15,Russia,16,8,28,Simulated
2022-07-16,Ukraine,9,25,29,Simulated
2022-07-16,Russia,11,29,96,Simulated
2022-07-17,Ukraine,5,0,72,Simulated
2022-07-17,Russia,2,15,30,Simulated
2022-07-18,Ukraine,1,18,100,Simulated
2022-07-18,Russia,18,27,57,Simulated
2022-07-19,Ukraine,14,42,20,Simulated
2022-07-19,Russia,3,30,5,Simulated
2022-07-20,Ukraine,16,19,17,Simulated
2022-07-20,Russia,17,29,94,Simulated
2022-07-21,Ukraine,10,15,1,Simulated
2022-07-21,Russia,2,47,46,Simulated
2022-07-22,Ukraine,16,2,52,Simulated
2022-07-22,Russia,14,37,96,Simulated
2022-07-23,Ukraine,19,18,29,Simulated
2022-07-23,Russia,7,0,16,Simulated
2022-07-24,Ukraine,13,31,24,Simulated
2022-07-24,Russia,4,43,78,Simulated
2022-07-25,Ukraine,16,33,38,Simulated
2022-07-25,Russia,17,9,37,Simulated
2022-07-26,Ukraine,17,18,18,Simulated
2022-07-26,Russia,19,9,44,Simulated
2022-07-27,Ukraine,11,16,40,Simulated
2022-07-27,Russia,13,33,53,Simulated
2022-07-28,Ukraine,15,42,89,Simulated
2022-07-28,Russia,19,13,33,Simulated
2022-07-29,Ukraine,3,43,62,Simulated
2022-07-29,Russia,2,6,3,Simulated
2022-07-30,Ukraine,16,24,85,Simulated
2022-07-30,Russia,12,17,32,Simulated
2022-07-31,Ukraine,2,44,54,Simulated
2022-07-31,Russia,10,19,44,Simulated
2022-08-01,Ukraine,0,41,88,Simulated
2022-08-01,Russia,15,29,13,Simulated
2022-08-02,Ukraine,18,23,98,Simulated
2022-08-02,Russia,5,38,31,Simulated
2022-08-03,Ukraine,3,35,69,Simulated
2022-08-03,Russia,18,27,45,Simulated
2022-08-04,Ukraine,5,41,97,Simulated
2022-08-04,Russia,10,34,7,Simulated
2022-08-05,Ukraine,7,27,50,Simulated
2022-08-05,Russia,20,14,88,Simulated
2022-08-06,Ukraine,2,0,90,Simulated
2022-08-06,Russia,9,8,57,Simulated
2022-08-07,Ukraine,0,13,25,Simulated
2022-08-07,Russia,6,6,58,Simulated
2022-08-08,Ukraine,11,14,78,Simulated
2022-08-08,Russia,4,3,71,Simulated
2022-08-09,Ukraine,0,45,14,Simulated
2022-08-09,Russia,15,0,60,Simulated
2022-08-10,Ukraine,15,22,64,Simulated
2022-08-10,Russia,0,20,12,Simulated
2022-08-11,Ukraine,15,10,51,Simulated
2022-08-11,Russia,11,10,68,Simulated
2022-08-12,Ukraine,1,36,47,Simulated
2022-08-12,Russia,3,50,8,Simulated
2022-08-13,Ukraine,14,29,18,Simulated
2022-08-13,Russia,2,9,20,Simulated
2022-08-14,Ukraine,6,41,21,Simulated
2022-08-14,Russia,11,1,93,Simulated
2022-08-15,Ukraine,5,25,72,Simulated
2022-08-15,Russia,18,1,61,Simulated
2022-08-16,Ukraine,3,18,81,Simulated
2022-08-16,Russia,1,43,9,Simulated
2022-08-17,Ukraine,11,35,22,Simulated
2022-08-17,Russia,18,1,45,Simulated
2022-08-18,Ukraine,8,4,9,Simulated
2022-08-18,Russia,19,38,56,Simulated
2022-08-19,Ukraine,9,30,35,Simulated
2022-08-19,Russia,3,17,85,Simulated
2022-08-20,Ukraine,1,21,26,Simulated
2022-08-20,Russia,14,16,91,Simulated
2022-08-21,Ukraine,20,15,33,Simulated
2022-08-21,Russia,0,1,90,Simulated
2022-08-22,Ukraine,3,40,26,Simulated
2022-08-22,Russia,12,40,9,Simulated
2022-08-23,Ukraine,20,26,56,Simulated
2022-08-23,Russia,1,37,83,Simulated
2022-08-24,Ukraine,20,46,32,Simulated
2022-08-24,Russia,18,26,46,Simulated
2022-08-25,Ukraine,20,38,63,Simulated
2022-08-25,Russia,5,3,90,Simulated
2022-08-26,Ukraine,8,19,9,Simulated
2022-08-26,Russia,1,40,67,Simulated
2022-08-27,Ukraine,4,17,73,Simulated
2022-08-27,Russia,19,47,68,Simulated
2022-08-28,Ukraine,6,28,67,Simulated
2022-08-28,Russia,20,33,21,Simulated
2022-08-29,Ukraine,1,3,49,Simulated
2022-08-29,Russia,4,34,84,Simulated
2022-08-30,Ukraine,2,44,58,Simulated
2022-08-30,Russia,15,45,72,Simulated
2022-08-31,Ukraine,5,40,67,Simulated
2022-08-31,Russia,6,34,98,Simulated
2022-09-01,Ukraine,7,37,52,Simulated
2022-09-01,Russia,16,22,61,Simulated
2022-09-02,Ukraine,4,49,30,Simulated
2022-09-02,Russia,12,46,10,Simulated
2022-09-03,Ukraine,13,4,70,Simulated
2022-09-03,Russia,10,25,47,Simulated
2022-09-04,Ukraine,8,50,22,Simulated
2022-09-04,Russia,20,1,95,Simulated
2022-09-05,Ukraine,5,36,86,Simulated
2022-09-05,Russia,16,29,21,Simulated
2022-09-06,Ukraine,11,8,86,Simulated
2022-09-06,Russia,0,1,19,Simulated
2022-09-07,Ukraine,12,20,62,Simulated
2022-09-07,Russia,9,34,43,Simulated
2022-09-08,Ukraine,8,3,79,Simulated
2022-09-08,Russia,10,43,4,Simulated
2022-09-09,Ukraine,14,18,67,Simulated
2022-09-09,Russia,19,31,51,Simulated
2022-09-10,Ukraine,19,42,10,Simulated
2022-09-10,Russia,16,45,47,Simulated
2022-09-11,Ukraine,2,5,46,Simulated
2022-09-11,Russia,2,7,14,Simulated
2022-09-12,Ukraine,8,7,66,Simulated
2022-09-12,Russia,4,46,13,Simulated
2022-09-13,Ukraine,8,24,78,Simulated
2022-09-13,Russia,5,8,59,Simulated
2022-09-14,Ukraine,1,13,23,Simulated
2022-09-14,Russia,5,6,2,Simulated
2022-09-15,Ukraine,13,9,65,Simulated
2022-09-15,Russia,13,32,44,Simulated
2022-09-16,Ukraine,4,34,81,Simulated
2022-09-16,Russia,7,20,83,Simulated
2022-09-17,Ukraine,19,0,13,Simulated
2022-09-17,Russia,1,30,29,Simulated
2022-09-18,Ukraine,2,39,8,Simulated
2022-09-18,Russia,8,18,0,Simulated
2022-09-19,Ukraine,16,18,89,Simulated
2022-09-19,Russia,11,7,52,Simulated
2022-09-20,Ukraine,2,6,83,Simulated
2022-09-20,Russia,5,29,54,Simulated
2022-09-21,Ukraine,17,45,66,Simulated
2022-09-21,Russia,4,15,84,Simulated
2022-09-22,Ukraine,14,44,71,Simulated
2022-09-22,Russia,15,18,36,Simulated
2022-09-23,Ukraine,20,45,15,Simulated
2022-09-23,Russia,8,10,73,Simulated
2022-09-24,Ukraine,3,25,66,Simulated
2022-09-24,Russia,6,19,64,Simulated
2022-09-25,Ukraine,17,8,62,Simulated
2022-09-25,Russia,19,39,93,Simulated
2022-09-26,Ukraine,7,34,17,Simulated
2022-09-26,Russia,16,39,52,Simulated
2022-09-27,Ukraine,1,6,6,Simulated
2022-09-27,Russia,17,3,72,Simulated
2022-09-28,Ukraine,14,40,95,Simulated
2022-09-28,Russia,17,31,46,Simulated
2022-09-29,Ukraine,1,11,98,Simulated
2022-09-29,Russia,0,13,65,Simulated
2022-09-30,Ukraine,11,43,57,Simulated
2022-09-30,Russia,8,41,94,Simulated
2022-10-01,Ukraine,11,49,12,Simulated
2022-10-01,Russia,20,4,82,Simulated
2022-10-02,Ukraine,13,20,3,Simulated
2022-10-02,Russia,17,20,49,Simulated
2022-10-03,Ukraine,0,32,59,Simulated
2022-10-03,Russia,13,25,25,Simulated
2022-10-04,Ukraine,10,6,43,Simulated
2022-10-04,Russia,20,47,7,Simulated
2022-10-05,Ukraine,19,3,85,Simulated
2022-10-05,Russia,13,31,86,Simulated
2022-10-06,Ukraine,18,8,95,Simulated
2022-10-06,Russia,18,1,48,Simulated
2022-10-07,Ukraine,2,50,8,Simulated
2022-10-07,Russia,3,29,50,Simulated
2022-10-08,Ukraine,2,11,82,Simulated
2022-10-08,Russia,11,46,11,Simulated
2022-10-09,Ukraine,7,17,1,Simulated
2022-10-09,Russia,14,4,54,Simulated
2022-10-10,Ukraine,0,18,73,Simulated
2022-10-10,Russia,13,50,54,Simulated
2022-10-11,Ukraine,10,27,72,Simulated
2022-10-11,Russia,11,2,79,Simulated
2022-10-12,Ukraine,4,4,97,Simulated
2022-10-12,Russia,15,26,9,Simulated
2022-10-13,Ukraine,19,4,19,Simulated
2022-10-13,Russia,18,15,22,Simulated
2022-10-14,Ukraine,8,17,70,Simulated
2022-10-14,Russia,10,40,8,Simulated
2022-10-15,Ukraine,15,17,48,Simulated
2022-10-15,Russia,2,30,52,Simulated
2022-10-16,Ukraine,6,39,75,Simulated
2022-10-16,Russia,19,5,21,Simulated
2022-10-17,Ukraine,3,44,69,Simulated
2022-10-17,Russia,5,25,9,Simulated
2022-10-18,Ukraine,18,39,92,Simulated
2022-10-18,Russia,10,47,7,Simulated
2022-10-19,Ukraine,20,20,19,Simulated
2022-10-19,Russia,6,29,23,Simulated
2022-10-20,Ukraine,12,36,60,Simulated
2022-10-20,Russia,20,43,50,Simulated
2022-10-21,Ukraine,14,41,44,Simulated
2022-10-21,Russia,10,38,78,Simulated
2022-10-22,Ukraine,12,43,1,Simulated
2022-10-22,Russia,2,40,56,Simulated
2022-10-23,Ukraine,3,33,97,Simulated
2022-10-23,Russia,13,16,81,Simulated
2022-10-24,Ukraine,2,33,18,Simulated
2022-10-24,Russia,19,4,29,Simulated
2022-10-25,Ukraine,9,40,84,Simulated
2022-10-25,Russia,3,38,93,Simulated
2022-10-26,Ukraine,11,15,63,Simulated
2022-10-26,Russia,8,28,57,Simulated
2022-10-27,Ukraine,17,37,0,Simulated
2022-10-27,Russia,15,28,74,Simulated
2022-10-28,Ukraine,3,19,14,Simulated
2022-10-28,Russia,18,43,94,Simulated
2022-10-29,Ukraine,4,14,41,Simulated
2022-10-29,Russia,16,21,97,Simulated
2022-10-30,Ukraine,15,50,29,Simulated
2022-10-30,Russia,0,15,76,Simulated
2022-10-31,Ukraine,15,45,69,Simulated
2022-10-31,Russia,19,9,1,Simulated
2022-11-01,Ukraine,20,35,93,Simulated
2022-11-01,Russia,5,7,92,Simulated
2022-11-02,Ukraine,3,50,56,Simulated
2022-11-02,Russia,7,49,5,Simulated
2022-11-03,Ukraine,1,12,39,Simulated
2022-11-03,Russia,10,42,92,Simulated
2022-11-04,Ukraine,11,50,85,Simulated
2022-11-04,Russia,14,4,9,Simulated
2022-11-05,Ukraine,11,22,52,Simulated
2022-11-05,Russia,9,40,75,Simulated
2022-11-06,Ukraine,6,9,13,Simulated
2022-11-06,Russia,4,50,93,Simulated
2022-11-07,Ukraine,7,17,6,Simulated
2022-11-07,Russia,20,10,29,Simulated
2022-11-08,Ukraine,2,28,53,Simulated
2022-11-08,Russia,12,23,36,Simulated
2022-11-09,Ukraine,7,42,88,Simulated
2022-11-09,Russia,10,12,87,Simulated
2022-11-10,Ukraine,14,19,96,Simulated
2022-11-10,Russia,12,30,26,Simulated
2022-11-11,Ukraine,5,44,95,Simulated
2022-11-11,Russia,10,48,63,Simulated
2022-11-12,Ukraine,16,42,51,Simulated
2022-11-12,Russia,15,37,80,Simulated
2022-11-13,Ukraine,5,36,3,Simulated
2022-11-13,Russia,9,4,28,Simulated
2022-11-14,Ukraine,19,2,26,Simulated
2022-11-14,Russia,19,33,89,Simulated
2022-11-15,Ukraine,5,39,17,Simulated
2022-11-15,Russia,11,15,91,Simulated
2022-11-16,Ukraine,2,49,9,Simulated
2022-11-16,Russia,15,5,83,Simulated
2022-11-17,Ukraine,18,47,21,Simulated
2022-11-17,Russia,0,30,41,Simulated
2022-11-18,Ukraine,14,29,94,Simulated
2022-11-18,Russia,8,27,34,Simulated
2022-11-19,Ukraine,3,32,15,Simulated
2022-11-19,Russia,6,33,1,Simulated
2022-11-20,Ukraine,11,47,29,Simulated
2022-11-20,Russia,12,46,32,Simulated
2022-11-21,Ukraine,7,49,23,Simulated
2022-11-21,Russia,10,8,13,Simulated
2022-11-22,Ukraine,15,17,64,Simulated
2022-11-22,Russia,13,5,2,Simulated
2022-11-23,Ukraine,0,30,17,Simulated
2022-11-23,Russia,14,15,37,Simulated
2022-11-24,Ukraine,10,19,34,Simulated
2022-11-24,Russia,0,14,32,Simulated
2022-11-25,Ukraine,5,38,34,Simulated
2022-11-25,Russia,17,36,30,Simulated
2022-11-26,Ukraine,3,34,68,Simulated
2022-11-26,Russia,8,11,2,Simulated
2022-11-27,Ukraine,15,17,19,Simulated
2022-11-27,Russia,5,13,2,Simulated
2022-11-28,Ukraine,7,21,10,Simulated
2022-11-28,Russia,11,28,36,Simulated
2022-11-29,Ukraine,6,46,57,Simulated
2022-11-29,Russia,4,37,14,Simulated
2022-11-30,Ukraine,7,36,52,Simulated
2022-11-30,Russia,11,37,17,Simulated
2022-12-01,Ukraine,3,42,4,Simulated
2022-12-01,Russia,3,40,10,Simulated
2022-12-02,Ukraine,19,10,28,Simulated
2022-12-02,Russia,19,23,99,Simulated
2022-12-03,Ukraine,7,39,99,Simulated
2022-12-03,Russia,9,23,50,Simulated
2022-12-04,Ukraine,17,10,7,Simulated
2022-12-04,Russia,19,13,85,Simulated
2022-12-05,Ukraine,0,28,84,Simulated
2022-12-05,Russia,17,44,25,Simulated
2022-12-06,Ukraine,3,13,95,Simulated
2022-12-06,Russia,4,34,29,Simulated
2022-12-07,Ukraine,17,27,100,Simulated
2022-12-07,Russia,8,12,37,Simulated
2022-12-08,Ukraine,0,50,8,Simulated
2022-12-08,Russia,9,13,42,Simulated
2022-12-09,Ukraine,0,39,74,Simulated
2022-12-09,Russia,5,13,42,Simulated
2022-12-10,Ukraine,0,4,50,Simulated
2022-12-10,Russia,10,47,20,Simulated
2022-12-11,Ukraine,14,19,6,Simulated
2022-12-11,Russia,15,40,50,Simulated
2022-12-12,Ukraine,20,37,1,Simulated
2022-12-12,Russia,11,40,49,Simulated
2022-12-13,Ukraine,6,29,37,Simulated
2022-12-13,Russia,0,36,99,Simulated
2022-12-14,Ukraine,13,35,53,Simulated
2022-12-14,Russia,14,34,10,Simulated
2022-12-15,Ukraine,9,29,47,Simulated
2022-12-15,Russia,4,0,78,Simulated
2022-12-16,Ukraine,16,9,53,Simulated
2022-12-16,Russia,2,47,99,Simulated
2022-12-17,Ukraine,6,28,61,Simulated
2022-12-17,Russia,11,16,29,Simulated
2022-12-18,Ukraine,5,25,80,Simulated
2022-12-18,Russia,10,26,28,Simulated
2022-12-19,Ukraine,10,32,84,Simulated
2022-12-19,Russia,17,5,17,Simulated
2022-12-20,Ukraine,12,20,22,Simulated
2022-12-20,Russia,3,15,52,Simulated
2022-12-21,Ukraine,3,24,21,Simulated
2022-12-21,Russia,7,7,93,Simulated
2022-12-22,Ukraine,3,13,89,Simulated
2022-12-22,Russia,17,12,97,Simulated
2022-12-23,Ukraine,0,16,75,Simulated
2022-12-23,Russia,3,43,46,Simulated
2022-12-24,Ukraine,9,14,13,Simulated
2022-12-24,Russia,6,41,12,Simulated
2022-12-25,Ukraine,10,8,21,Simulated
2022-12-25,Russia,3,26,20,Simulated
2022-12-26,Ukraine,19,38,66,Simulated
2022-12-26,Russia,12,34,2,Simulated
2022-12-27,Ukraine,0,17,87,Simulated
2022-12-27,Russia,19,35,24,Simulated
2022-12-28,Ukraine,20,42,41,Simulated
2022-12-28,Russia,9,7,19,Simulated
2022-12-29,Ukraine,3,25,89,Simulated
2022-12-29,Russia,20,6,10,Simulated
2022-12-30,Ukraine,7,7,89,Simulated
2022-12-30,Russia,17,13,85,Simulated
2022-12-31,Ukraine,5,12,80,Simulated
2022-12-31,Russia,15,5,57,Simulated
2023-01-01,Ukraine,3,28,85,Simulated
2023-01-01,Russia,6,34,24,Simulated
2023-01-02,Ukraine,3,45,84,Simulated
2023-01-02,Russia,6,50,41,Simulated
2023-01-03,Ukraine,16,26,20,Simulated
2023-01-03,Russia,16,27,82,Simulated
2023-01-04,Ukraine,3,46,60,Simulated
2023-01-04,Russia,13,10,60,Simulated
2023-01-05,Ukraine,5,26,23,Simulated
2023-01-05,Russia,13,42,4,Simulated
2023-01-06,Ukraine,10,31,44,Simulated
2023-01-06,Russia,4,41,20,Simulated
2023-01-07,Ukraine,6,6,47,Simulated
2023-01-07,Russia,15,5,12,Simulated
2023-01-08,Ukraine,1,50,89,Simulated
2023-01-08,Russia,16,43,100,Simulated
2023-01-09,Ukraine,10,26,77,Simulated
2023-01-09,Russia,8,7,81,Simulated
2023-01-10,Ukraine,8,45,68,Simulated
2023-01-10,Russia,16,34,59,Simulated
2023-01-11,Ukraine,13,50,40,Simulated
2023-01-11,Russia,3,37,72,Simulated
2023-01-12,Ukraine,17,48,17,Simulated
2023-01-12,Russia,13,27,78,Simulated
2023-01-13,Ukraine,20,44,10,Simulated
2023-01-13,Russia,8,1,93,Simulated
2023-01-14,Ukraine,4,38,73,Simulated
2023-01-14,Russia,15,45,62,Simulated
2023-01-15,Ukraine,11,15,79,Simulated
2023-01-15,Russia,9,19,0,Simulated
2023-01-16,Ukraine,7,2,23,Simulated
2023-01-16,Russia,19,31,47,Simulated
2023-01-17,Ukraine,6,28,18,Simulated
2023-01-17,Russia,1,30,46,Simulated
2023-01-18,Ukraine,9,40,4,Simulated
2023-01-18,Russia,17,9,77,Simulated
2023-01-19,Ukraine,8,25,88,Simulated
2023-01-19,Russia,16,6,2,Simulated
2023-01-20,Ukraine,6,45,11,Simulated
2023-01-20,Russia,19,9,25,Simulated
2023-01-21,Ukraine,13,17,100,Simulated
2023-01-21,Russia,5,35,27,Simulated
2023-01-22,Ukraine,1,47,86,Simulated
2023-01-22,Russia,4,9,72,Simulated
2023-01-23,Ukraine,1,10,31,Simulated
2023-01-23,Russia,13,42,92,Simulated
2023-01-24,Ukraine,8,35,86,Simulated
2023-01-24,Russia,1,34,72,Simulated
2023-01-25,Ukraine,5,22,54,Simulated
2023-01-25,Russia,11,46,77,Simulated
2023-01-26,Ukraine,7,2,78,Simulated
2023-01-26,Russia,16,44,55,Simulated
2023-01-27,Ukraine,15,23,65,Simulated
2023-01-27,Russia,15,38,45,Simulated
2023-01-28,Ukraine,19,20,43,Simulated
2023-01-28,Russia,10,31,43,Simulated
2023-01-29,Ukraine,5,25,88,Simulated
2023-01-29,Russia,5,33,92,Simulated
2023-01-30,Ukraine,19,17,60,Simulated
2023-01-30,Russia,14,6,8,Simulated
2023-01-31,Ukraine,3,12,46,Simulated
2023-01-31,Russia,3,42,50,Simulated
2023-02-01,Ukraine,2,19,100,Simulated
2023-02-01,Russia,4,22,0,Simulated
2023-02-02,Ukraine,10,49,17,Simulated
2023-02-02,Russia,2,17,23,Simulated
2023-02-03,Ukraine,13,47,46,Simulated
2023-02-03,Russia,8,36,31,Simulated
2023-02-04,Ukraine,13,40,67,Simulated
2023-02-04,Russia,4,13,42,Simulated
2023-02-05,Ukraine,14,3,9,Simulated
2023-02-05,Russia,18,13,83,Simulated
2023-02-06,Ukraine,19,22,10,Simulated
2023-02-06,Russia,8,19,28,Simulated
2023-02-07,Ukraine,7,19,20,Simulated
2023-02-07,Russia,12,3,23,Simulated
2023-02-08,Ukraine,7,50,43,Simulated
2023-02-08,Russia,9,39,65,Simulated
2023-02-09,Ukraine,6,2,76,Simulated
2023-02-09,Russia,14,23,83,Simulated
2023-02-10,Ukraine,14,10,94,Simulated
2023-02-10,Russia,6,21,87,Simulated
2023-02-11,Ukraine,16,49,41,Simulated
2023-02-11,Russia,17,30,59,Simulated
2023-02-12,Ukraine,14,47,94,Simulated
2023-02-12,Russia,16,4,5,Simulated
2023-02-13,Ukraine,3,31,54,Simulated
2023-02-13,Russia,17,5,36,Simulated
2023-02-14,Ukraine,1,42,72,Simulated
2023-02-14,Russia,6,7,1,Simulated
2023-02-15,Ukraine,2,12,34,Simulated
2023-02-15,Russia,16,15,94,Simulated
2023-02-16,Ukraine,1,28,57,Simulated
2023-02-16,Russia,18,49,45,Simulated
2023-02-17,Ukraine,17,45,30,Simulated
2023-02-17,Russia,9,12,10,Simulated
2023-02-18,Ukraine,13,30,82,Simulated
2023-02-18,Russia,18,10,25,Simulated
2023-02-19,Ukraine,19,15,61,Simulated
2023-02-19,Russia,14,24,88,Simulated
2023-02-20,Ukraine,12,16,80,Simulated
2023-02-20,Russia,8,12,40,Simulated
2023-02-21,Ukraine,10,35,20,Simulated
2023-02-21,Russia,19,32,27,Simulated
2023-02-22,Ukraine,15,41,92,Simulated
2023-02-22,Russia,8,28,94,Simulated
2023-02-23,Ukraine,1,3,7,Simulated
2023-02-23,Russia,12,48,24,Simulated
2023-02-24,Ukraine,6,22,99,Simulated
2023-02-24,Russia,20,11,32,Simulated
2023-02-25,Ukraine,4,25,24,Simulated
2023-02-25,Russia,11,13,75,Simulated
2023-02-26,Ukraine,13,26,66,Simulated
2023-02-26,Russia,3,32,20,Simulated
2023-02-27,Ukraine,13,17,45,Simulated
2023-02-27,Russia,4,35,68,Simulated
2023-02-28,Ukraine,6,41,21,Simulated
2023-02-28,Russia,20,38,98,Simulated
2023-03-01,Ukraine,5,33,17,Simulated
2023-03-01,Russia,5,47,36,Simulated
2023-03-02,Ukraine,10,31,73,Simulated
2023-03-02,Russia,10,8,62,Simulated
2023-03-03,Ukraine,15,47,12,Simulated
2023-03-03,Russia,14,18,3,Simulated
2023-03-04,Ukraine,18,4,13,Simulated
2023-03-04,Russia,3,25,82,Simulated
2023-03-05,Ukraine,2,45,14,Simulated
2023-03-05,Russia,13,8,95,Simulated
2023-03-06,Ukraine,11,31,22,Simulated
2023-03-06,Russia,17,27,28,Simulated
2023-03-07,Ukraine,6,31,100,Simulated
2023-03-07,Russia,20,21,61,Simulated
2023-03-08,Ukraine,20,40,90,Simulated
2023-03-08,Russia,0,11,46,Simulated
2023-03-09,Ukraine,16,36,30,Simulated
2023-03-09,Russia,9,39,92,Simulated
2023-03-10,Ukraine,17,20,89,Simulated
2023-03-10,Russia,5,31,46,Simulated
2023-03-11,Ukraine,15,32,62,Simulated
2023-03-11,Russia,1,11,37,Simulated
2023-03-12,Ukraine,0,37,18,Simulated
2023-03-12,Russia,15,28,62,Simulated
2023-03-13,Ukraine,19,37,23,Simulated
2023-03-13,Russia,19,47,52,Simulated
2023-03-14,Ukraine,13,23,85,Simulated
2023-03-14,Russia,17,40,97,Simulated
2023-03-15,Ukraine,5,37,98,Simulated
2023-03-15,Russia,7,37,95,Simulated
2023-03-16,Ukraine,16,32,43,Simulated
2023-03-16,Russia,5,41,48,Simulated
2023-03-17,Ukraine,8,45,54,Simulated
2023-03-17,Russia,8,42,31,Simulated
2023-03-18,Ukraine,1,17,95,Simulated
2023-03-18,Russia,13,24,66,Simulated
2023-03-19,Ukraine,16,17,53,Simulated
2023-03-19,Russia,19,25,94,Simulated
2023-03-20,Ukraine,17,33,36,Simulated
2023-03-20,Russia,15,6,12,Simulated
2023-03-21,Ukraine,12,35,28,Simulated
2023-03-21,Russia,15,48,31,Simulated
2023-03-22,Ukraine,20,6,70,Simulated
2023-03-22,Russia,1,22,90,Simulated
2023-03-23,Ukraine,0,44,33,Simulated
2023-03-23,Russia,1,32,27,Simulated
2023-03-24,Ukraine,17,15,22,Simulated
2023-03-24,Russia,13,19,21,Simulated
2023-03-25,Ukraine,11,17,61,Simulated
2023-03-25,Russia,3,43,81,Simulated
2023-03-26,Ukraine,10,37,80,Simulated
2023-03-26,Russia,16,26,78,Simulated
2023-03-27,Ukraine,1,26,39,Simulated
2023-03-27,Russia,6,27,35,Simulated
2023-03-28,Ukraine,8,28,5,Simulated
2023-03-28,Russia,16,6,77,Simulated
2023-03-29,Ukraine,7,8,74,Simulated
2023-03-29,Russia,18,24,77,Simulated
2023-03-30,Ukraine,11,36,6,Simulated
2023-03-30,Russia,12,28,79,Simulated
2023-03-31,Ukraine,6,48,99,Simulated
2023-03-31,Russia,0,17,82,Simulated
2023-04-01,Ukraine,7,7,18,Simulated
2023-04-01,Russia,8,40,80,Simulated
2023-04-02,Ukraine,14,16,82,Simulated
2023-04-02,Russia,19,25,45,Simulated
2023-04-03,Ukraine,7,40,6,Simulated
2023-04-03,Russia,3,29,10,Simulated
2023-04-04,Ukraine,20,10,69,Simulated
2023-04-04,Russia,4,1,83,Simulated
2023-04-05,Ukraine,20,25,90,Simulated
2023-04-05,Russia,1,3,83,Simulated
2023-04-06,Ukraine,15,13,60,Simulated
2023-04-06,Russia,13,41,17,Simulated
2023-04-07,Ukraine,15,17,25,Simulated
2023-04-07,Russia,10,39,1,Simulated
2023-04-08,Ukraine,2,4,19,Simulated
2023-04-08,Russia,12,23,48,Simulated
2023-04-09,Ukraine,10,41,85,Simulated
2023-04-09,Russia,1,30,75,Simulated
2023-04-10,Ukraine,15,45,21,Simulated
2023-04-10,Russia,8,17,95,Simulated
2023-04-11,Ukraine,8,46,84,Simulated
2023-04-11,Russia,17,46,93,Simulated
2023-04-12,Ukraine,9,35,36,Simulated
2023-04-12,Russia,19,16,5,Simulated
2023-04-13,Ukraine,9,1,91,Simulated
2023-04-13,Russia,16,40,60,Simulated
2023-04-14,Ukraine,1,19,30,Simulated
2023-04-14,Russia,7,37,100,Simulated
2023-04-15,Ukraine,2,27,19,Simulated
2023-04-15,Russia,17,24,76,Simulated
2023-04-16,Ukraine,0,23,3,Simulated
2023-04-16,Russia,2,1,53,Simulated
2023-04-17,Ukraine,17,15,55,Simulated
2023-04-17,Russia,16,42,66,Simulated
2023-04-18,Ukraine,11,20,70,Simulated
2023-04-18,Russia,11,37,60,Simulated
2023-04-19,Ukraine,4,47,60,Simulated
2023-04-19,Russia,2,1,47,Simulated
2023-04-20,Ukraine,9,46,99,Simulated
2023-04-20,Russia,1,13,73,Simulated
2023-04-21,Ukraine,3,24,35,Simulated
2023-04-21,Russia,16,31,57,Simulated
2023-04-22,Ukraine,3,0,49,Simulated
2023-04-22,Russia,11,41,60,Simulated
2023-04-23,Ukraine,1,22,31,Simulated
2023-04-23,Russia,12,28,77,Simulated
2023-04-24,Ukraine,12,50,1,Simulated
2023-04-24,Russia,7,14,79,Simulated
2023-04-25,Ukraine,11,33,50,Simulated
2023-04-25,Russia,9,10,33,Simulated
2023-04-26,Ukraine,2,28,100,Simulated
2023-04-26,Russia,2,6,3,Simulated
2023-04-27,Ukraine,7,5,48,Simulated
2023-04-27,Russia,11,25,20,Simulated
2023-04-28,Ukraine,2,9,35,Simulated
2023-04-28,Russia,19,33,97,Simulated
2023-04-29,Ukraine,14,24,37,Simulated
2023-04-29,Russia,5,29,74,Simulated
2023-04-30,Ukraine,0,6,11,Simulated
2023-04-30,Russia,4,32,17,Simulated
2023-05-01,Ukraine,4,33,50,Simulated
2023-05-01,Russia,10,50,27,Simulated
2023-05-02,Ukraine,2,47,53,Simulated
2023-05-02,Russia,5,16,59,Simulated
2023-05-03,Ukraine,1,32,44,Simulated
2023-05-03,Russia,20,16,98,Simulated
2023-05-04,Ukraine,17,39,65,Simulated
2023-05-04,Russia,18,29,42,Simulated
2023-05-05,Ukraine,9,13,16,Simulated
2023-05-05,Russia,12,14,45,Simulated
2023-05-06,Ukraine,4,9,15,Simulated
2023-05-06,Russia,9,16,91,Simulated
2023-05-07,Ukraine,12,15,14,Simulated
2023-05-07,Russia,14,0,93,Simulated
2023-05-08,Ukraine,20,18,38,Simulated
2023-05-08,Russia,0,21,75,Simulated
2023-05-09,Ukraine,20,13,74,Simulated
2023-05-09,Russia,5,2,61,Simulated
2023-05-10,Ukraine,6,26,86,Simulated
2023-05-10,Russia,7,8,88,Simulated
2023-05-11,Ukraine,17,24,90,Simulated
2023-05-11,Russia,9,3,73,Simulated
2023-05-12,Ukraine,4,16,49,Simulated
2023-05-12,Russia,10,33,62,Simulated
2023-05-13,Ukraine,17,20,7,Simulated
2023-05-13,Russia,3,6,47,Simulated
2023-05-14,Ukraine,4,37,35,Simulated
2023-05-14,Russia,5,3,86,Simulated
2023-05-15,Ukraine,9,31,88,Simulated
2023-05-15,Russia,17,47,55,Simulated
2023-05-16,Ukraine,19,29,39,Simulated
2023-05-16,Russia,12,27,56,Simulated
2023-05-17,Ukraine,8,30,49,Simulated
2023-05-17,Russia,17,27,98,Simulated
2023-05-18,Ukraine,1,4,52,Simulated
2023-05-18,Russia,16,39,33,Simulated
2023-05-19,Ukraine,15,26,34,Simulated
2023-05-19,Russia,12,0,17,Simulated
2023-05-20,Ukraine,13,7,81,Simulated
2023-05-20,Russia,2,13,54,Simulated
2023-05-21,Ukraine,12,2,22,Simulated
2023-05-21,Russia,15,44,85,Simulated
2023-05-22,Ukraine,18,6,6,Simulated
2023-05-22,Russia,3,38,17,Simulated
2023-05-23,Ukraine,7,39,16,Simulated
2023-05-23,Russia,9,2,62,Simulated
2023-05-24,Ukraine,0,13,65,Simulated
2023-05-24,Russia,8,32,35,Simulated
2023-05-25,Ukraine,16,0,36,Simulated
2023-05-25,Russia,0,50,33,Simulated
2023-05-26,Ukraine,13,11,100,Simulated
2023-05-26,Russia,0,29,8,Simulated
2023-05-27,Ukraine,19,6,68,Simulated
2023-05-27,Russia,20,21,45,Simulated
2023-05-28,Ukraine,15,40,71,Simulated
2023-05-28,Russia,4,22,92,Simulated
2023-05-29,Ukraine,15,16,22,Simulated
2023-05-29,Russia,17,38,77,Simulated
2023-05-30,Ukraine,8,50,14,Simulated
2023-05-30,Russia,2,24,35,Simulated
2023-05-31,Ukraine,13,25,6,Simulated
2023-05-31,Russia,18,17,27,Simulated
2023-06-01,Ukraine,16,45,50,Simulated
2023-06-01,Russia,0,29,9,Simulated
2023-06-02,Ukraine,13,22,82,Simulated
2023-06-02,Russia,13,9,74,Simulated
2023-06-03,Ukraine,0,7,41,Simulated
2023-06-03,Russia,18,34,42,Simulated
2023-06-04,Ukraine,7,24,45,Simulated
2023-06-04,Russia,15,0,91,Simulated
2023-06-05,Ukraine,17,45,50,Simulated
2023-06-05,Russia,0,3,57,Simulated
2023-06-06,Ukraine,1,39,66,Simulated
2023-06-06,Russia,20,34,47,Simulated
2023-06-07,Ukraine,13,36,28,Simulated
2023-06-07,Russia,8,7,35,Simulated
2023-06-08,Ukraine,13,13,7,Simulated
2023-06-08,Russia,18,26,100,Simulated
2023-06-09,Ukraine,17,39,30,Simulated
2023-06-09,Russia,6,36,97,Simulated
2023-06-10,Ukraine,15,2,94,Simulated
2023-06-10,Russia,7,33,90,Simulated
2023-06-11,Ukraine,16,43,100,Simulated
2023-06-11,Russia,15,7,86,Simulated
2023-06-12,Ukraine,10,1,1,Simulated
2023-06-12,Russia,5,25,8,Simulated
2023-06-13,Ukraine,4,37,48,Simulated
2023-06-13,Russia,8,23,65,Simulated
2023-06-14,Ukraine,7,30,9,Simulated
2023-06-14,Russia,3,48,47,Simulated
2023-06-15,Ukraine,16,34,76,Simulated
2023-06-15,Russia,1,22,51,Simulated
2023-06-16,Ukraine,10,12,54,Simulated
2023-06-16,Russia,14,2,44,Simulated
2023-06-17,Ukraine,13,36,48,Simulated
2023-06-17,Russia,3,46,86,Simulated
2023-06-18,Ukraine,19,16,85,Simulated
2023-06-18,Russia,15,47,28,Simulated
2023-06-19,Ukraine,14,10,65,Simulated
2023-06-19,Russia,18,40,38,Simulated
2023-06-20,Ukraine,1,37,16,Simulated
2023-06-20,Russia,12,43,54,Simulated
2023-06-21,Ukraine,5,0,85,Simulated
2023-06-21,Russia,19,26,56,Simulated
2023-06-22,Ukraine,6,28,8,Simulated
2023-06-22,Russia,2,16,70,Simulated
2023-06-23,Ukraine,4,14,55,Simulated
2023-06-23,Russia,13,4,39,Simulated
2023-06-24,Ukraine,17,7,80,Simulated
2023-06-24,Russia,11,18,30,Simulated
2023-06-25,Ukraine,19,13,99,Simulated
2023-06-25,Russia,10,33,11,Simulated
2023-06-26,Ukraine,14,14,66,Simulated
2023-06-26,Russia,7,50,84,Simulated
2023-06-27,Ukraine,11,23,89,Simulated
2023-06-27,Russia,19,7,92,Simulated
2023-06-28,Ukraine,20,49,47,Simulated
2023-06-28,Russia,0,7,5,Simulated
2023-06-29,Ukraine,3,1,91,Simulated
2023-06-29,Russia,11,13,25,Simulated
2023-06-30,Ukraine,3,14,27,Simulated
2023-06-30,Russia,16,23,32,Simulated
2023-07-01,Ukraine,1,7,32,Simulated
2023-07-01,Russia,6,41,24,Simulated
2023-07-02,Ukraine,19,21,75,Simulated
2023-07-02,Russia,18,7,39,Simulated
2023-07-03,Ukraine,20,50,16,Simulated
2023-07-03,Russia,11,3,27,Simulated
2023-07-04,Ukraine,2,47,66,Simulated
2023-07-04,Russia,4,33,20,Simulated
2023-07-05,Ukraine,16,24,46,Simulated
2023-07-05,Russia,3,3,57,Simulated
2023-07-06,Ukraine,8,24,78,Simulated
2023-07-06,Russia,18,34,36,Simulated
2023-07-07,Ukraine,4,43,76,Simulated
2023-07-07,Russia,20,21,6,Simulated
2023-07-08,Ukraine,10,33,8,Simulated
2023-07-08,Russia,12,7,42,Simulated
2023-07-09,Ukraine,6,17,8,Simulated
2023-07-09,Russia,6,18,37,Simulated
2023-07-10,Ukraine,11,14,77,Simulated
2023-07-10,Russia,13,30,13,Simulated
2023-07-11,Ukraine,9,50,95,Simulated
2023-07-11,Russia,11,50,20,Simulated
2023-07-12,Ukraine,16,45,46,Simulated
2023-07-12,Russia,20,50,32,Simulated
2023-07-13,Ukraine,2,26,75,Simulated
2023-07-13,Russia,4,2,29,Simulated
2023-07-14,Ukraine,13,13,84,Simulated
2023-07-14,Russia,18,0,32,Simulated
2023-07-15,Ukraine,20,20,80,Simulated
2023-07-15,Russia,8,26,77,Simulated
2023-07-16,Ukraine,0,13,16,Simulated
2023-07-16,Russia,10,1,98,Simulated
2023-07-17,Ukraine,19,5,67,Simulated
2023-07-17,Russia,10,12,63,Simulated
2023-07-18,Ukraine,12,24,38,Simulated
2023-07-18,Russia,4,22,58,Simulated
2023-07-19,Ukraine,13,43,74,Simulated
2023-07-19,Russia,17,16,82,Simulated
2023-07-20,Ukraine,4,0,21,Simulated
2023-07-20,Russia,16,1,19,Simulated
2023-07-21,Ukraine,1,20,12,Simulated
2023-07-21,Russia,16,1,94,Simulated
2023-07-22,Ukraine,20,10,95,Simulated
2023-07-22,Russia,17,44,86,Simulated
2023-07-23,Ukraine,1,44,64,Simulated
2023-07-23,Russia,8,31,1,Simulated
2023-07-24,Ukraine,10,9,59,Simulated
2023-07-24,Russia,4,35,29,Simulated
2023-07-25,Ukraine,16,18,6,Simulated
2023-07-25,Russia,20,50,94,Simulated
2023-07-26,Ukraine,17,12,42,Simulated
2023-07-26,Russia,0,16,61,Simulated
2023-07-27,Ukraine,7,6,94,Simulated
2023-07-27,Russia,5,6,76,Simulated
2023-07-28,Ukraine,6,28,20,Simulated
2023-07-28,Russia,0,41,89,Simulated
2023-07-29,Ukraine,12,1,54,Simulated
2023-07-29,Russia,4,16,49,Simulated
2023-07-30,Ukraine,9,11,21,Simulated
2023-07-30,Russia,14,27,28,Simulated
2023-07-31,Ukraine,19,15,82,Simulated
2023-07-31,Russia,15,19,28,Simulated
2023-08-01,Ukraine,14,31,41,Simulated
2023-08-01,Russia,4,9,16,Simulated
2023-08-02,Ukraine,15,25,44,Simulated
2023-08-02,Russia,17,49,47,Simulated
2023-08-03,Ukraine,5,1,64,Simulated
2023-08-03,Russia,8,15,94,Simulated
2023-08-04,Ukraine,2,50,28,Simulated
2023-08-04,Russia,0,11,2,Simulated
2023-08-05,Ukraine,14,41,73,Simulated
2023-08-05,Russia,7,41,58,Simulated
2023-08-06,Ukraine,12,37,71,Simulated
2023-08-06,Russia,18,21,38,Simulated
2023-08-07,Ukraine,3,18,15,Simulated
2023-08-07,Russia,15,17,13,Simulated
2023-08-08,Ukraine,18,13,58,Simulated
2023-08-08,Russia,9,39,67,Simulated
2023-08-09,Ukraine,4,27,13,Simulated
2023-08-09,Russia,15,35,45,Simulated
2023-08-10,Ukraine,14,15,33,Simulated
2023-08-10,Russia,5,17,25,Simulated
2023-08-11,Ukraine,3,5,31,Simulated
2023-08-11,Russia,10,7,84,Simulated
2023-08-12,Ukraine,18,6,100,Simulated
2023-08-12,Russia,20,48,18,Simulated
2023-08-13,Ukraine,16,11,96,Simulated
2023-08-13,Russia,3,33,35,Simulated
2023-08-14,Ukraine,10,16,97,Simulated
2023-08-14,Russia,12,32,93,Simulated
2023-08-15,Ukraine,10,43,73,Simulated
2023-08-15,Russia,5,45,82,Simulated
2023-08-16,Ukraine,11,24,85,Simulated
2023-08-16,Russia,20,47,26,Simulated
2023-08-17,Ukraine,6,18,33,Simulated
2023-08-17,Russia,16,22,21,Simulated
2023-08-18,Ukraine,0,26,85,Simulated
2023-08-18,Russia,1,17,92,Simulated
2023-08-19,Ukraine,17,48,85,Simulated
2023-08-19,Russia,18,0,24,Simulated
2023-08-20,Ukraine,18,16,76,Simulated
2023-08-20,Russia,13,5,29,Simulated
2023-08-21,Ukraine,12,46,0,Simulated
2023-08-21,Russia,12,2,0,Simulated
2023-08-22,Ukraine,16,14,98,Simulated
2023-08-22,Russia,2,44,27,Simulated
2023-08-23,Ukraine,7,32,69,Simulated
2023-08-23,Russia,6,39,98,Simulated
2023-08-24,Ukraine,9,22,21,Simulated
2023-08-24,Russia,0,40,29,Simulated
2023-08-25,Ukraine,6,0,50,Simulated
2023-08-25,Russia,3,34,99,Simulated
2023-08-26,Ukraine,9,28,67,Simulated
2023-08-26,Russia,15,10,19,Simulated
2023-08-27,Ukraine,6,14,67,Simulated
2023-08-27,Russia,2,0,39,Simulated
2023-08-28,Ukraine,5,4,34,Simulated
2023-08-28,Russia,8,35,71,Simulated
2023-08-29,Ukraine,9,41,58,Simulated
2023-08-29,Russia,1,25,7,Simulated
2023-08-30,Ukraine,17,39,63,Simulated
2023-08-30,Russia,15,41,15,Simulated
2023-08-31,Ukraine,6,24,87,Simulated
2023-08-31,Russia,6,37,59,Simulated
2023-09-01,Ukraine,19,46,71,Simulated
2023-09-01,Russia,2,19,23,Simulated
2023-09-02,Ukraine,20,43,76,Simulated
2023-09-02,Russia,7,10,61,Simulated
2023-09-03,Ukraine,16,39,94,Simulated
2023-09-03,Russia,19,13,5,Simulated
2023-09-04,Ukraine,12,41,97,Simulated
2023-09-04,Russia,7,13,37,Simulated
2023-09-05,Ukraine,2,22,20,Simulated
2023-09-05,Russia,13,18,3,Simulated
2023-09-06,Ukraine,20,37,84,Simulated
2023-09-06,Russia,11,9,69,Simulated
2023-09-07,Ukraine,5,33,28,Simulated
2023-09-07,Russia,8,38,92,Simulated
2023-09-08,Ukraine,7,29,70,Simulated
2023-09-08,Russia,14,43,92,Simulated
2023-09-09,Ukraine,6,50,92,Simulated
2023-09-09,Russia,8,29,92,Simulated
2023-09-10,Ukraine,1,49,88,Simulated
2023-09-10,Russia,3,16,35,Simulated
2023-09-11,Ukraine,9,7,89,Simulated
2023-09-11,Russia,3,42,4,Simulated
2023-09-12,Ukraine,15,16,79,Simulated
2023-09-12,Russia,19,6,56,Simulated
2023-09-13,Ukraine,10,42,56,Simulated
2023-09-13,Russia,2,12,88,Simulated
2023-09-14,Ukraine,13,34,49,Simulated
2023-09-14,Russia,18,7,74,Simulated
2023-09-15,Ukraine,9,44,99,Simulated
2023-09-15,Russia,4,34,53,Simulated
2023-09-16,Ukraine,19,18,87,Simulated
2023-09-16,Russia,1,24,65,Simulated
2023-09-17,Ukraine,12,22,90,Simulated
2023-09-17,Russia,8,16,68,Simulated
2023-09-18,Ukraine,15,0,30,Simulated
2023-09-18,Russia,18,2,57,Simulated
2023-09-19,Ukraine,12,45,58,Simulated
2023-09-19,Russia,4,16,37,Simulated
2023-09-20,Ukraine,18,44,19,Simulated
2023-09-20,Russia,18,43,7,Simulated
2023-09-21,Ukraine,12,22,8,Simulated
2023-09-21,Russia,11,27,67,Simulated
2023-09-22,Ukraine,16,45,75,Simulated
2023-09-22,Russia,8,1,38,Simulated
2023-09-23,Ukraine,4,25,61,Simulated
2023-09-23,Russia,13,3,57,Simulated
2023-09-24,Ukraine,14,0,42,Simulated
2023-09-24,Russia,20,40,10,Simulated
2023-09-25,Ukraine,1,24,26,Simulated
2023-09-25,Russia,5,14,97,Simulated
2023-09-26,Ukraine,9,20,81,Simulated
2023-09-26,Russia,17,28,51,Simulated
2023-09-27,Ukraine,2,37,88,Simulated
2023-09-27,Russia,1,35,45,Simulated
2023-09-28,Ukraine,0,38,45,Simulated
2023-09-28,Russia,5,49,87,Simulated
2023-09-29,Ukraine,3,31,32,Simulated
2023-09-29,Russia,13,15,51,Simulated
2023-09-30,Ukraine,1,3,75,Simulated
2023-09-30,Russia,12,19,54,Simulated
2023-10-01,Ukraine,14,39,7,Simulated
2023-10-01,Russia,10,21,64,Simulated
2023-10-02,Ukraine,9,46,35,Simulated
2023-10-02,Russia,13,40,50,Simulated
2023-10-03,Ukraine,3,0,76,Simulated
2023-10-03,Russia,0,47,81,Simulated
2023-10-04,Ukraine,9,0,78,Simulated
2023-10-04,Russia,4,39,4,Simulated
2023-10-05,Ukraine,1,28,50,Simulated
2023-10-05,Russia,11,19,31,Simulated
2023-10-06,Ukraine,14,17,72,Simulated
2023-10-06,Russia,7,22,62,Simulated
2023-10-07,Ukraine,16,41,43,Simulated
2023-10-07,Russia,2,19,12,Simulated
2023-10-08,Ukraine,6,4,36,Simulated
2023-10-08,Russia,19,20,17,Simulated
2023-10-09,Ukraine,9,41,46,Simulated
2023-10-09,Russia,4,38,58,Simulated
2023-10-10,Ukraine,0,8,34,Simulated
2023-10-10,Russia,11,14,73,Simulated
2023-10-11,Ukraine,19,43,94,Simulated
2023-10-11,Russia,1,14,97,Simulated
2023-10-12,Ukraine,14,47,25,Simulated
2023-10-12,Russia,7,0,43,Simulated
2023-10-13,Ukraine,10,2,7,Simulated
2023-10-13,Russia,16,45,49,Simulated
2023-10-14,Ukraine,15,24,100,Simulated
2023-10-14,Russia,19,38,33,Simulated
2023-10-15,Ukraine,6,42,42,Simulated
2023-10-15,Russia,18,43,6,Simulated
2023-10-16,Ukraine,4,1,29,Simulated
2023-10-16,Russia,13,14,33,Simulated
2023-10-17,Ukraine,12,28,12,Simulated
2023-10-17,Russia,19,13,13,Simulated
2023-10-18,Ukraine,8,33,1,Simulated
2023-10-18,Russia,10,15,40,Simulated
2023-10-19,Ukraine,2,9,24,Simulated
2023-10-19,Russia,2,11,48,Simulated
2023-10-20,Ukraine,13,13,33,Simulated
2023-10-20,Russia,20,43,26,Simulated
2023-10-21,Ukraine,18,36,42,Simulated
2023-10-21,Russia,5,11,10,Simulated
2023-10-22,Ukraine,12,30,70,Simulated
2023-10-22,Russia,13,20,87,Simulated
2023-10-23,Ukraine,10,31,45,Simulated
2023-10-23,Russia,10,49,100,Simulated
2023-10-24,Ukraine,7,22,7,Simulated
2023-10-24,Russia,14,19,50,Simulated
2023-10-25,Ukraine,3,39,4,Simulated
2023-10-25,Russia,15,39,92,Simulated
2023-10-26,Ukraine,17,34,29,Simulated
2023-10-26,Russia,7,17,9,Simulated
2023-10-27,Ukraine,3,18,6,Simulated
2023-10-27,Russia,14,27,69,Simulated
2023-10-28,Ukraine,12,17,31,Simulated
2023-10-28,Russia,10,2,77,Simulated
2023-10-29,Ukraine,5,30,83,Simulated
2023-10-29,Russia,6,11,94,Simulated
2023-10-30,Ukraine,20,32,33,Simulated
2023-10-30,Russia,19,48,73,Simulated
2023-10-31,Ukraine,5,34,14,Simulated
2023-10-31,Russia,20,48,73,Simulated
2023-11-01,Ukraine,20,38,39,Simulated
2023-11-01,Russia,17,0,32,Simulated
2023-11-02,Ukraine,13,33,66,Simulated
2023-11-02,Russia,9,45,100,Simulated
2023-11-03,Ukraine,3,49,16,Simulated
2023-11-03,Russia,1,44,31,Simulated
2023-11-04,Ukraine,12,47,27,Simulated
2023-11-04,Russia,8,27,33,Simulated
2023-11-05,Ukraine,13,13,31,Simulated
2023-11-05,Russia,17,19,75,Simulated
2023-11-06,Ukraine,13,13,19,Simulated
2023-11-06,Russia,20,12,13,Simulated
2023-11-07,Ukraine,2,1,51,Simulated
2023-11-07,Russia,6,6,15,Simulated
2023-11-08,Ukraine,11,0,25,Simulated
2023-11-08,Russia,7,37,54,Simulated
2023-11-09,Ukraine,19,44,81,Simulated
2023-11-09,Russia,19,33,50,Simulated
2023-11-10,Ukraine,3,1,72,Simulated
2023-11-10,Russia,0,44,77,Simulated
2023-11-11,Ukraine,18,25,21,Simulated
2023-11-11,Russia,18,46,90,Simulated
2023-11-12,Ukraine,2,1,20,Simulated
2023-11-12,Russia,15,27,6,Simulated
2023-11-13,Ukraine,20,24,98,Simulated
2023-11-13,Russia,0,38,13,Simulated
2023-11-14,Ukraine,1,28,81,Simulated
2023-11-14,Russia,3,7,66,Simulated
2023-11-15,Ukraine,15,29,73,Simulated
2023-11-15,Russia,20,4,60,Simulated
2023-11-16,Ukraine,19,33,2,Simulated
2023-11-16,Russia,14,5,72,Simulated
2023-11-17,Ukraine,15,21,25,Simulated
2023-11-17,Russia,11,21,98,Simulated
2023-11-18,Ukraine,8,35,60,Simulated
2023-11-18,Russia,13,10,97,Simulated
2023-11-19,Ukraine,0,27,58,Simulated
2023-11-19,Russia,9,18,97,Simulated
2023-11-20,Ukraine,3,37,62,Simulated
2023-11-20,Russia,7,19,55,Simulated
2023-11-21,Ukraine,15,9,19,Simulated
2023-11-21,Russia,19,4,28,Simulated
2023-11-22,Ukraine,13,13,48,Simulated
2023-11-22,Russia,9,21,24,Simulated
2023-11-23,Ukraine,7,39,10,Simulated
2023-11-23,Russia,0,27,12,Simulated
2023-11-24,Ukraine,2,15,79,Simulated
2023-11-24,Russia,15,2,68,Simulated
2023-11-25,Ukraine,9,1,39,Simulated
2023-11-25,Russia,10,14,0,Simulated
2023-11-26,Ukraine,14,30,41,Simulated
2023-11-26,Russia,12,40,15,Simulated
2023-11-27,Ukraine,13,5,68,Simulated
2023-11-27,Russia,0,50,74,Simulated
2023-11-28,Ukraine,2,26,17,Simulated
2023-11-28,Russia,17,26,12,Simulated
2023-11-29,Ukraine,6,2,95,Simulated
2023-11-29,Russia,8,15,30,Simulated
2023-11-30,Ukraine,7,48,7,Simulated
2023-11-30,Russia,14,17,28,Simulated
2023-12-01,Ukraine,4,46,90,Simulated
2023-12-01,Russia,14,9,100,Simulated
2023-12-02,Ukraine,4,21,24,Simulated
2023-12-02,Russia,15,47,5,Simulated
2023-12-03,Ukraine,0,13,9,Simulated
2023-12-03,Russia,2,17,90,Simulated
2023-12-04,Ukraine,12,11,78,Simulated
2023-12-04,Russia,2,14,2,Simulated
2023-12-05,Ukraine,11,35,85,Simulated
2023-12-05,Russia,4,24,97,Simulated
2023-12-06,Ukraine,14,1,54,Simulated
2023-12-06,Russia,10,10,87,Simulated
2023-12-07,Ukraine,10,25,75,Simulated
2023-12-07,Russia,20,26,55,Simulated
2023-12-08,Ukraine,18,12,71,Simulated
2023-12-08,Russia,6,12,42,Simulated
2023-12-09,Ukraine,10,41,91,Simulated
2023-12-09,Russia,7,42,40,Simulated
2023-12-10,Ukraine,3,26,65,Simulated
2023-12-10,Russia,9,44,50,Simulated
2023-12-11,Ukraine,17,16,34,Simulated
2023-12-11,Russia,15,27,76,Simulated
2023-12-12,Ukraine,8,12,63,Simulated
2023-12-12,Russia,20,1,20,Simulated
2023-12-13,Ukraine,8,43,63,Simulated
2023-12-13,Russia,6,8,6,Simulated
2023-12-14,Ukraine,16,24,49,Simulated
2023-12-14,Russia,12,27,100,Simulated
2023-12-15,Ukraine,19,19,57,Simulated
2023-12-15,Russia,0,41,66,Simulated
2023-12-16,Ukraine,14,32,5,Simulated
2023-12-16,Russia,7,3,49,Simulated
2023-12-17,Ukraine,16,7,35,Simulated
2023-12-17,Russia,19,0,75,Simulated
2023-12-18,Ukraine,15,12,88,Simulated
2023-12-18,Russia,5,47,53,Simulated
2023-12-19,Ukraine,8,34,13,Simulated
2023-12-19,Russia,8,14,12,Simulated
2023-12-20,Ukraine,17,23,73,Simulated
2023-12-20,Russia,9,42,98,Simulated
2023-12-21,Ukraine,1,22,17,Simulated
2023-12-21,Russia,1,27,27,Simulated
2023-12-22,Ukraine,9,45,50,Simulated
2023-12-22,Russia,11,17,72,Simulated
2023-12-23,Ukraine,18,45,77,Simulated
2023-12-23,Russia,16,50,71,Simulated
2023-12-24,Ukraine,5,11,0,Simulated
2023-12-24,Russia,4,37,82,Simulated
2023-12-25,Ukraine,18,28,81,Simulated
2023-12-25,Russia,17,0,74,Simulated
2023-12-26,Ukraine,20,9,59,Simulated
2023-12-26,Russia,10,46,23,Simulated
2023-12-27,Ukraine,5,31,24,Simulated
2023-12-27,Russia,18,18,48,Simulated
2023-12-28,Ukraine,20,41,3,Simulated
2023-12-28,Russia,11,50,16,Simulated
2023-12-29,Ukraine,10,8,32,Simulated
2023-12-29,Russia,20,13,9,Simulated
2023-12-30,Ukraine,13,29,22,Simulated
2023-12-30,Russia,9,39,57,Simulated
2023-12-31,Ukraine,20,47,36,Simulated
2023-12-31,Russia,19,4,42,Simulated
2024-01-01,Ukraine,4,16,50,Simulated
2024-01-01,Russia,7,22,30,Simulated
2024-01-02,Ukraine,14,32,88,Simulated
2024-01-02,Russia,3,14,66,Simulated
2024-01-03,Ukraine,15,44,5,Simulated
2024-01-03,Russia,3,44,12,Simulated
2024-01-04,Ukraine,11,3,27,Simulated
2024-01-04,Russia,5,43,35,Simulated
2024-01-05,Ukraine,19,47,35,Simulated
2024-01-05,Russia,1,43,62,Simulated
2024-01-06,Ukraine,6,23,86,Simulated
2024-01-06,Russia,0,30,91,Simulated
2024-01-07,Ukraine,15,8,76,Simulated
2024-01-07,Russia,0,26,39,Simulated
2024-01-08,Ukraine,17,40,0,Simulated
2024-01-08,Russia,20,41,77,Simulated
2024-01-09,Ukraine,6,8,8,Simulated
2024-01-09,Russia,4,1,83,Simulated
2024-01-10,Ukraine,7,45,47,Simulated
2024-01-10,Russia,3,5,52,Simulated
2024-01-11,Ukraine,6,50,69,Simulated
2024-01-11,Russia,15,18,5,Simulated
2024-01-12,Ukraine,17,15,0,Simulated
2024-01-12,Russia,20,26,94,Simulated
2024-01-13,Ukraine,10,19,91,Simulated
2024-01-13,Russia,8,45,40,Simulated
2024-01-14,Ukraine,19,26,60,Simulated
2024-01-14,Russia,5,14,18,Simulated
2024-01-15,Ukraine,4,40,3,Simulated
2024-01-15,Russia,15,36,25,Simulated
2024-01-16,Ukraine,14,26,13,Simulated
2024-01-16,Russia,16,48,72,Simulated
2024-01-17,Ukraine,9,35,83,Simulated
2024-01-17,Russia,15,21,82,Simulated
2024-01-18,Ukraine,19,40,17,Simulated
2024-01-18,Russia,20,4,52,Simulated
2024-01-19,Ukraine,11,5,80,Simulated
2024-01-19,Russia,11,17,99,Simulated
2024-01-20,Ukraine,11,47,63,Simulated
2024-01-20,Russia,0,48,22,Simulated
2024-01-21,Ukraine,8,36,61,Simulated
2024-01-21,Russia,15,45,63,Simulated
2024-01-22,Ukraine,4,18,61,Simulated
2024-01-22,Russia,10,40,38,Simulated
2024-01-23,Ukraine,4,1,37,Simulated
2024-01-23,Russia,11,30,43,Simulated
2024-01-24,Ukraine,9,5,53,Simulated
2024-01-24,Russia,7,1,95,Simulated
2024-01-25,Ukraine,6,19,24,Simulated
2024-01-25,Russia,14,3,26,Simulated
2024-01-26,Ukraine,14,14,26,Simulated
2024-01-26,Russia,1,24,8,Simulated
2024-01-27,Ukraine,12,14,7,Simulated
2024-01-27,Russia,10,4,46,Simulated
2024-01-28,Ukraine,8,22,23,Simulated
2024-01-28,Russia,10,31,65,Simulated
2024-01-29,Ukraine,8,2,12,Simulated
2024-01-29,Russia,2,9,99,Simulated
2024-01-30,Ukraine,20,22,50,Simulated
2024-01-30,Russia,1,29,1,Simulated
2024-01-31,Ukraine,16,17,85,Simulated
2024-01-31,Russia,2,17,12,Simulated
2024-02-01,Ukraine,20,35,0,Simulated
2024-02-01,Russia,4,24,75,Simulated
2024-02-02,Ukraine,14,28,38,Simulated
2024-02-02,Russia,11,7,98,Simulated
2024-02-03,Ukraine,13,25,52,Simulated
2024-02-03,Russia,11,2,46,Simulated
2024-02-04,Ukraine,17,41,45,Simulated
2024-02-04,Russia,12,26,68,Simulated
2024-02-05,Ukraine,8,45,78,Simulated
2024-02-05,Russia,8,9,55,Simulated
2024-02-06,Ukraine,16,34,13,Simulated
2024-02-06,Russia,6,12,84,Simulated
2024-02-07,Ukraine,3,47,68,Simulated
2024-02-07,Russia,9,19,16,Simulated
2024-02-08,Ukraine,14,17,72,Simulated
2024-02-08,Russia,13,44,32,Simulated
2024-02-09,Ukraine,20,3,99,Simulated
2024-02-09,Russia,19,41,90,Simulated
2024-02-10,Ukraine,10,15,94,Simulated
2024-02-10,Russia,8,24,41,Simulated
2024-02-11,Ukraine,5,27,50,Simulated
2024-02-11,Russia,14,0,98,Simulated
2024-02-12,Ukraine,2,7,10,Simulated
2024-02-12,Russia,6,38,97,Simulated
2024-02-13,Ukraine,16,43,87,Simulated
2024-02-13,Russia,9,16,81,Simulated
2024-02-14,Ukraine,6,35,12,Simulated
2024-02-14,Russia,3,1,57,Simulated
2024-02-15,Ukraine,12,21,76,Simulated
2024-02-15,Russia,7,43,41,Simulated
2024-02-16,Ukraine,2,47,13,Simulated
2024-02-16,Russia,5,3,63,Simulated
2024-02-17,Ukraine,17,32,63,Simulated
2024-02-17,Russia,13,10,58,Simulated
2024-02-18,Ukraine,20,5,2,Simulated
2024-02-18,Russia,7,36,65,Simulated
2024-02-19,Ukraine,19,6,14,Simulated
2024-02-19,Russia,1,31,23,Simulated
2024-02-20,Ukraine,14,35,97,Simulated
2024-02-20,Russia,18,44,94,Simulated
2024-02-21,Ukraine,11,26,99,Simulated
2024-02-21,Russia,13,18,77,Simulated
2024-02-22,Ukraine,8,28,48,Simulated
2024-02-22,Russia,12,19,80,Simulated
2024-02-23,Ukraine,15,35,90,Simulated
2024-02-23,Russia,1,30,82,Simulated
2024-02-24,Ukraine,12,41,70,Simulated
2024-02-24,Russia,15,26,7,Simulated
2024-02-25,Ukraine,9,4,34,Simulated
2024-02-25,Russia,10,30,49,Simulated
2024-02-26,Ukraine,2,27,32,Simulated
2024-02-26,Russia,8,37,55,Simulated
2024-02-27,Ukraine,5,26,4,Simulated
2024-02-27,Russia,7,40,51,Simulated
2024-02-28,Ukraine,7,22,8,Simulated
2024-02-28,Russia,10,13,40,Simulated
2024-02-29,Ukraine,10,47,25,Simulated
2024-02-29,Russia,3,15,96,Simulated
2024-03-01,Ukraine,5,18,5,Simulated
2024-03-01,Russia,17,4,27,Simulated
2024-03-02,Ukraine,20,50,67,Simulated
2024-03-02,Russia,20,12,32,Simulated
2024-03-03,Ukraine,13,41,47,Simulated
2024-03-03,Russia,16,36,50,Simulated
2024-03-04,Ukraine,13,1,13,Simulated
2024-03-04,Russia,7,3,45,Simulated
2024-03-05,Ukraine,12,29,7,Simulated
2024-03-05,Russia,14,30,21,Simulated
2024-03-06,Ukraine,5,29,65,Simulated
2024-03-06,Russia,7,44,28,Simulated
2024-03-07,Ukraine,14,13,70,Simulated
2024-03-07,Russia,5,23,25,Simulated
2024-03-08,Ukraine,17,36,98,Simulated
2024-03-08,Russia,0,0,99,Simulated
2024-03-09,Ukraine,0,31,42,Simulated
2024-03-09,Russia,16,42,96,Simulated
2024-03-10,Ukraine,18,39,13,Simulated
2024-03-10,Russia,3,16,10,Simulated
2024-03-11,Ukraine,2,17,17,Simulated
2024-03-11,Russia,14,17,42,Simulated
2024-03-12,Ukraine,7,0,33,Simulated
2024-03-12,Russia,3,10,0,Simulated
2024-03-13,Ukraine,15,46,34,Simulated
2024-03-13,Russia,12,37,14,Simulated
2024-03-14,Ukraine,9,12,71,Simulated
2024-03-14,Russia,10,49,28,Simulated
2024-03-15,Ukraine,7,46,27,Simulated
2024-03-15,Russia,20,0,27,Simulated
2024-03-16,Ukraine,14,34,40,Simulated
2024-03-16,Russia,19,26,1,Simulated
2024-03-17,Ukraine,17,30,91,Simulated
2024-03-17,Russia,0,36,61,Simulated
2024-03-18,Ukraine,11,0,72,Simulated
2024-03-18,Russia,11,8,40,Simulated
2024-03-19,Ukraine,13,50,3,Simulated
2024-03-19,Russia,0,36,95,Simulated
2024-03-20,Ukraine,10,13,78,Simulated
2024-03-20,Russia,15,44,94,Simulated
2024-03-21,Ukraine,2,31,38,Simulated
2024-03-21,Russia,11,50,49,Simulated
2024-03-22,Ukraine,16,27,1,Simulated
2024-03-22,Russia,0,31,49,Simulated
2024-03-23,Ukraine,17,15,99,Simulated
2024-03-23,Russia,3,37,81,Simulated
2024-03-24,Ukraine,0,7,31,Simulated
2024-03-24,Russia,15,27,10,Simulated
2024-03-25,Ukraine,5,15,28,Simulated
2024-03-25,Russia,18,18,11,Simulated
2024-03-26,Ukraine,3,32,27,Simulated
2024-03-26,Russia,7,31,19,Simulated
2024-03-27,Ukraine,14,5,80,Simulated
2024-03-27,Russia,0,34,42,Simulated
2024-03-28,Ukraine,13,18,6,Simulated
2024-03-28,Russia,4,16,83,Simulated
2024-03-29,Ukraine,3,6,41,Simulated
2024-03-29,Russia,6,10,70,Simulated
2024-03-30,Ukraine,19,14,96,Simulated
2024-03-30,Russia,20,43,5,Simulated
2024-03-31,Ukraine,16,3,58,Simulated
2024-03-31,Russia,9,38,64,Simulated
2024-04-01,Ukraine,2,39,10,Simulated
2024-04-01,Russia,7,48,64,Simulated
2024-04-02,Ukraine,13,6,76,Simulated
2024-04-02,Russia,8,25,9,Simulated
2024-04-03,Ukraine,6,41,80,Simulated
2024-04-03,Russia,1,3,29,Simulated
2024-04-04,Ukraine,18,22,65,Simulated
2024-04-04,Russia,12,42,9,Simulated
2024-04-05,Ukraine,7,10,29,Simulated
2024-04-05,Russia,4,4,77,Simulated
2024-04-06,Ukraine,7,34,21,Simulated
2024-04-06,Russia,20,3,94,Simulated
2024-04-07,Ukraine,6,28,53,Simulated
2024-04-07,Russia,16,29,59,Simulated
2024-04-08,Ukraine,1,17,87,Simulated
2024-04-08,Russia,2,1,86,Simulated
2024-04-09,Ukraine,20,7,31,Simulated
2024-04-09,Russia,16,34,15,Simulated
2024-04-10,Ukraine,2,3,87,Simulated
2024-04-10,Russia,16,4,57,Simulated
2024-04-11,Ukraine,19,4,29,Simulated
2024-04-11,Russia,0,1,66,Simulated
2024-04-12,Ukraine,8,28,23,Simulated
2024-04-12,Russia,5,25,4,Simulated
2024-04-13,Ukraine,12,23,68,Simulated
2024-04-13,Russia,11,24,31,Simulated
2024-04-14,Ukraine,10,12,86,Simulated
2024-04-14,Russia,13,45,58,Simulated
2024-04-15,Ukraine,18,1,66,Simulated
2024-04-15,Russia,1,21,36,Simulated
2024-04-16,Ukraine,15,13,27,Simulated
2024-04-16,Russia,11,14,48,Simulated
2024-04-17,Ukraine,11,15,26,Simulated
2024-04-17,Russia,14,43,5,Simulated
2024-04-18,Ukraine,3,1,87,Simulated
2024-04-18,Russia,12,14,53,Simulated
2024-04-19,Ukraine,14,22,5,Simulated
2024-04-19,Russia,5,38,36,Simulated
2024-04-20,Ukraine,2,13,39,Simulated
2024-04-20,Russia,11,24,68,Simulated
2024-04-21,Ukraine,13,3,60,Simulated
2024-04-21,Russia,9,3,8,Simulated
2024-04-22,Ukraine,8,49,55,Simulated
2024-04-22,Russia,1,19,84,Simulated
2024-04-23,Ukraine,9,35,13,Simulated
2024-04-23,Russia,0,4,70,Simulated
2024-04-24,Ukraine,9,13,29,Simulated
2024-04-24,Russia,14,49,43,Simulated
2024-04-25,Ukraine,4,42,94,Simulated
2024-04-25,Russia,10,44,92,Simulated
2024-04-26,Ukraine,8,49,62,Simulated
2024-04-26,Russia,14,32,81,Simulated
2024-04-27,Ukraine,18,38,94,Simulated
2024-04-27,Russia,10,27,98,Simulated
2024-04-28,Ukraine,13,25,61,Simulated
2024-04-28,Russia,2,3,10,Simulated
2024-04-29,Ukraine,10,19,99,Simulated
2024-04-29,Russia,9,1,95,Simulated
2024-04-30,Ukraine,11,25,2,Simulated
2024-04-30,Russia,13,43,91,Simulated
2024-05-01,Ukraine,6,48,55,Simulated
2024-05-01,Russia,12,29,42,Simulated
2024-05-02,Ukraine,13,4,78,Simulated
2024-05-02,Russia,16,38,30,Simulated
2024-05-03,Ukraine,3,35,50,Simulated
2024-05-03,Russia,0,5,35,Simulated
2024-05-04,Ukraine,13,13,82,Simulated
2024-05-04,Russia,11,50,44,Simulated
2024-05-05,Ukraine,17,36,23,Simulated
2024-05-05,Russia,19,30,43,Simulated
2024-05-06,Ukraine,18,1,34,Simulated
2024-05-06,Russia,11,18,35,Simulated
2024-05-07,Ukraine,2,36,71,Simulated
2024-05-07,Russia,16,19,48,Simulated
2024-05-08,Ukraine,17,33,4,Simulated
2024-05-08,Russia,8,14,94,Simulated
2024-05-09,Ukraine,18,16,20,Simulated
2024-05-09,Russia,6,6,17,Simulated
2024-05-10,Ukraine,19,8,9,Simulated
2024-05-10,Russia,13,34,38,Simulated
2024-05-11,Ukraine,9,48,84,Simulated
2024-05-11,Russia,0,31,75,Simulated
2024-05-12,Ukraine,11,8,98,Simulated
2024-05-12,Russia,17,4,62,Simulated
2024-05-13,Ukraine,15,24,78,Simulated
2024-05-13,Russia,2,31,91,Simulated
2024-05-14,Ukraine,10,11,18,Simulated
2024-05-14,Russia,20,48,50,Simulated
2024-05-15,Ukraine,8,10,89,Simulated
2024-05-15,Russia,20,13,26,Simulated
2024-05-16,Ukraine,5,35,56,Simulated
2024-05-16,Russia,5,8,70,Simulated
2024-05-17,Ukraine,1,31,18,Simulated
2024-05-17,Russia,18,15,15,Simulated
2024-05-18,Ukraine,16,39,32,Simulated
2024-05-18,Russia,14,38,5,Simulated
2024-05-19,Ukraine,5,7,88,Simulated
2024-05-19,Russia,12,31,51,Simulated
2024-05-20,Ukraine,19,25,75,Simulated
2024-05-20,Russia,12,48,68,Simulated
2024-05-21,Ukraine,4,44,57,Simulated
2024-05-21,Russia,20,7,30,Simulated
2024-05-22,Ukraine,0,10,97,Simulated
2024-05-22,Russia,16,43,92,Simulated
2024-05-23,Ukraine,1,14,7,Simulated
2024-05-23,Russia,18,17,43,Simulated
2024-05-24,Ukraine,19,29,39,Simulated
2024-05-24,Russia,8,49,96,Simulated
2024-05-25,Ukraine,6,33,94,Simulated
2024-05-25,Russia,20,23,7,Simulated
2024-05-26,Ukraine,18,20,75,Simulated
2024-05-26,Russia,5,32,65,Simulated
2024-05-27,Ukraine,8,19,74,Simulated
2024-05-27,Russia,2,41,34,Simulated
2024-05-28,Ukraine,14,30,70,Simulated
2024-05-28,Russia,6,35,27,Simulated
2024-05-29,Ukraine,18,41,67,Simulated
2024-05-29,Russia,10,17,72,Simulated
2024-05-30,Ukraine,20,37,59,Simulated
2024-05-30,Russia,3,10,40,Simulated
2024-05-31,Ukraine,10,38,2,Simulated
2024-05-31,Russia,14,17,20,Simulated
2024-06-01,Ukraine,8,9,60,Simulated
2024-06-01,Russia,15,17,85,Simulated
2024-06-02,Ukraine,20,21,30,Simulated
2024-06-02,Russia,1,13,90,Simulated
2024-06-03,Ukraine,11,12,78,Simulated
2024-06-03,Russia,8,15,72,Simulated
2024-06-04,Ukraine,18,20,19,Simulated
2024-06-04,Russia,17,33,5,Simulated
2024-06-05,Ukraine,6,7,22,Simulated
2024-06-05,Russia,17,49,51,Simulated
2024-06-06,Ukraine,0,36,46,Simulated
2024-06-06,Russia,6,10,84,Simulated
2024-06-07,Ukraine,6,16,55,Simulated
2024-06-07,Russia,3,37,12,Simulated
2024-06-08,Ukraine,3,13,45,Simulated
2024-06-08,Russia,5,13,22,Simulated
2024-06-09,Ukraine,19,32,66,Simulated
2024-06-09,Russia,3,9,11,Simulated
2024-06-10,Ukraine,11,0,97,Simulated
2024-06-10,Russia,16,45,74,Simulated
2024-06-11,Ukraine,19,41,20,Simulated
2024-06-11,Russia,9,29,80,Simulated
2024-06-12,Ukraine,8,10,12,Simulated
2024-06-12,Russia,2,10,76,Simulated
2024-06-13,Ukraine,12,20,38,Simulated
2024-06-13,Russia,13,28,37,Simulated
2024-06-14,Ukraine,9,3,22,Simulated
2024-06-14,Russia,4,33,71,Simulated
2024-06-15,Ukraine,15,13,74,Simulated
2024-06-15,Russia,15,47,50,Simulated
2024-06-16,Ukraine,17,1,39,Simulated
2024-06-16,Russia,7,25,86,Simulated
2024-06-17,Ukraine,2,8,15,Simulated
2024-06-17,Russia,12,4,6,Simulated
2024-06-18,Ukraine,11,15,68,Simulated
2024-06-18,Russia,9,2,71,Simulated
2024-06-19,Ukraine,2,28,67,Simulated
2024-06-19,Russia,1,38,98,Simulated
2024-06-20,Ukraine,9,43,17,Simulated
2024-06-20,Russia,1,16,37,Simulated
2024-06-21,Ukraine,4,36,0,Simulated
2024-06-21,Russia,18,12,99,Simulated
2024-06-22,Ukraine,19,15,28,Simulated
2024-06-22,Russia,15,0,41,Simulated
2024-06-23,Ukraine,3,40,58,Simulated
2024-06-23,Russia,18,26,87,Simulated
2024-06-24,Ukraine,2,21,78,Simulated
2024-06-24,Russia,3,31,20,Simulated
2024-06-25,Ukraine,8,47,36,Simulated
2024-06-25,Russia,14,18,40,Simulated
2024-06-26,Ukraine,1,28,61,Simulated
2024-06-26,Russia,9,12,100,Simulated
2024-06-27,Ukraine,9,33,20,Simulated
2024-06-27,Russia,1,44,67,Simulated
2024-06-28,Ukraine,7,12,64,Simulated
2024-06-28,Russia,7,15,59,Simulated
2024-06-29,Ukraine,9,4,18,Simulated
2024-06-29,Russia,10,40,1,Simulated
2024-06-30,Ukraine,16,34,51,Simulated
2024-06-30,Russia,11,37,69,Simulated
2024-07-01,Ukraine,20,22,91,Simulated
2024-07-01,Russia,8,1,64,Simulated
2024-07-02,Ukraine,17,31,32,Simulated
2024-07-02,Russia,4,13,58,Simulated
2024-07-03,Ukraine,1,40,17,Simulated
2024-07-03,Russia,19,46,49,Simulated
2024-07-04,Ukraine,4,16,99,Simulated
2024-07-04,Russia,19,33,93,Simulated
2024-07-05,Ukraine,5,5,12,Simulated
2024-07-05,Russia,16,30,98,Simulated
2024-07-06,Ukraine,11,22,55,Simulated
2024-07-06,Russia,13,47,78,Simulated
2024-07-07,Ukraine,5,43,57,Simulated
2024-07-07,Russia,6,2,88,Simulated
2024-07-08,Ukraine,1,6,59,Simulated
2024-07-08,Russia,18,13,54,Simulated
2024-07-09,Ukraine,18,19,27,Simulated
2024-07-09,Russia,2,24,16,Simulated
2024-07-10,Ukraine,12,0,97,Simulated
2024-07-10,Russia,8,36,95,Simulated
2024-07-11,Ukraine,18,32,56,Simulated
2024-07-11,Russia,3,42,60,Simulated
2024-07-12,Ukraine,17,38,70,Simulated
2024-07-12,Russia,1,23,93,Simulated
2024-07-13,Ukraine,13,49,56,Simulated
2024-07-13,Russia,7,33,20,Simulated
2024-07-14,Ukraine,8,35,23,Simulated
2024-07-14,Russia,13,26,30,Simulated
2024-07-15,Ukraine,9,37,23,Simulated
2024-07-15,Russia,3,38,60,Simulated
2024-07-16,Ukraine,14,3,14,Simulated
2024-07-16,Russia,14,26,46,Simulated
2024-07-17,Ukraine,17,18,86,Simulated
2024-07-17,Russia,12,3,95,Simulated
2024-07-18,Ukraine,12,16,37,Simulated
2024-07-18,Russia,13,11,30,Simulated
2024-07-19,Ukraine,0,34,63,Simulated
2024-07-19,Russia,10,37,20,Simulated
2024-07-20,Ukraine,16,8,100,Simulated
2024-07-20,Russia,14,26,41,Simulated
2024-07-21,Ukraine,12,29,43,Simulated
2024-07-21,Russia,14,33,33,Simulated
2024-07-22,Ukraine,16,17,27,Simulated
2024-07-22,Russia,8,12,34,Simulated
2024-07-23,Ukraine,11,50,36,Simulated
2024-07-23,Russia,3,47,31,Simulated
2024-07-24,Ukraine,5,40,5,Simulated
2024-07-24,Russia,7,13,33,Simulated
2024-07-25,Ukraine,18,33,0,Simulated
2024-07-25,Russia,13,5,59,Simulated
2024-07-26,Ukraine,20,28,89,Simulated
2024-07-26,Russia,5,22,65,Simulated
2024-07-27,Ukraine,6,15,72,Simulated
2024-07-27,Russia,19,2,49,Simulated
2024-07-28,Ukraine,15,35,69,Simulated
2024-07-28,Russia,13,33,90,Simulated
2024-07-29,Ukraine,2,28,89,Simulated
2024-07-29,Russia,16,29,77,Simulated
2024-07-30,Ukraine,14,30,18,Simulated
2024-07-30,Russia,2,41,92,Simulated
2024-07-31,Ukraine,14,36,59,Simulated
2024-07-31,Russia,7,38,7,Simulated
2024-08-01,Ukraine,4,8,57,Simulated
2024-08-01,Russia,19,33,50,Simulated
2024-08-02,Ukraine,10,42,5,Simulated
2024-08-02,Russia,20,1,95,Simulated
2024-08-03,Ukraine,10,46,85,Simulated
2024-08-03,Russia,20,44,78,Simulated
2024-08-04,Ukraine,7,7,60,Simulated
2024-08-04,Russia,9,38,54,Simulated
2024-08-05,Ukraine,11,48,5,Simulated
2024-08-05,Russia,6,11,94,Simulated
2024-08-06,Ukraine,1,5,92,Simulated
2024-08-06,Russia,14,1,90,Simulated
2024-08-07,Ukraine,15,32,2,Simulated
2024-08-07,Russia,12,12,30,Simulated
2024-08-08,Ukraine,5,41,51,Simulated
2024-08-08,Russia,4,24,14,Simulated
2024-08-09,Ukraine,13,23,78,Simulated
2024-08-09,Russia,17,11,8,Simulated
2024-08-10,Ukraine,3,5,62,Simulated
2024-08-10,Russia,17,5,57,Simulated
2024-08-11,Ukraine,3,10,77,Simulated
2024-08-11,Russia,18,14,65,Simulated
2024-08-12,Ukraine,15,17,3,Simulated
2024-08-12,Russia,7,31,37,Simulated
2024-08-13,Ukraine,7,34,24,Simulated
2024-08-13,Russia,0,24,67,Simulated
2024-08-14,Ukraine,8,45,65,Simulated
2024-08-14,Russia,10,16,38,Simulated
2024-08-15,Ukraine,3,5,51,Simulated
2024-08-15,Russia,3,8,74,Simulated
2024-08-16,Ukraine,8,39,86,Simulated
2024-08-16,Russia,17,17,73,Simulated
2024-08-17,Ukraine,0,24,96,Simulated
2024-08-17,Russia,2,27,54,Simulated
2024-08-18,Ukraine,11,18,43,Simulated
2024-08-18,Russia,13,45,84,Simulated
2024-08-19,Ukraine,13,38,71,Simulated
2024-08-19,Russia,18,39,96,Simulated
2024-08-20,Ukraine,8,5,27,Simulated
2024-08-20,Russia,18,33,53,Simulated
2024-08-21,Ukraine,20,42,87,Simulated
2024-08-21,Russia,19,49,60,Simulated
2024-08-22,Ukraine,16,34,41,Simulated
2024-08-22,Russia,16,22,79,Simulated
2024-08-23,Ukraine,19,17,31,Simulated
2024-08-23,Russia,1,46,9,Simulated
2024-08-24,Ukraine,12,16,41,Simulated
2024-08-24,Russia,16,46,12,Simulated
2024-08-25,Ukraine,12,37,9,Simulated
2024-08-25,Russia,10,32,4,Simulated
2024-08-26,Ukraine,8,25,7,Simulated
2024-08-26,Russia,4,2,64,Simulated
2024-08-27,Ukraine,12,7,67,Simulated
2024-08-27,Russia,6,42,28,Simulated
2024-08-28,Ukraine,10,10,10,Simulated
2024-08-28,Russia,19,22,53,Simulated
2024-08-29,Ukraine,8,9,49,Simulated
2024-08-29,Russia,6,17,14,Simulated
2024-08-30,Ukraine,1,7,6,Simulated
2024-08-30,Russia,6,40,24,Simulated
2024-08-31,Ukraine,5,9,93,Simulated
2024-08-31,Russia,12,35,56,Simulated
2024-09-01,Ukraine,0,16,94,Simulated
2024-09-01,Russia,7,23,54,Simulated
2024-09-02,Ukraine,19,16,23,Simulated
2024-09-02,Russia,19,26,2,Simulated
2024-09-03,Ukraine,12,37,88,Simulated
2024-09-03,Russia,20,22,10,Simulated
2024-09-04,Ukraine,12,17,65,Simulated
2024-09-04,Russia,13,48,24,Simulated
2024-09-05,Ukraine,0,25,3,Simulated
2024-09-05,Russia,9,49,78,Simulated
2024-09-06,Ukraine,7,40,26,Simulated
2024-09-06,Russia,7,3,20,Simulated
2024-09-07,Ukraine,3,32,60,Simulated
2024-09-07,Russia,5,20,65,Simulated
2024-09-08,Ukraine,0,21,25,Simulated
2024-09-08,Russia,20,10,26,Simulated
2024-09-09,Ukraine,12,25,3,Simulated
2024-09-09,Russia,13,50,79,Simulated
2024-09-10,Ukraine,1,5,20,Simulated
2024-09-10,Russia,1,3,35,Simulated
2024-09-11,Ukraine,11,26,67,Simulated
2024-09-11,Russia,14,35,89,Simulated
2024-09-12,Ukraine,20,23,45,Simulated
2024-09-12,Russia,2,10,34,Simulated
2024-09-13,Ukraine,19,23,72,Simulated
2024-09-13,Russia,7,34,90,Simulated
2024-09-14,Ukraine,16,39,23,Simulated
2024-09-14,Russia,5,34,78,Simulated
2024-09-15,Ukraine,0,28,44,Simulated
2024-09-15,Russia,7,15,19,Simulated
2024-09-16,Ukraine,9,10,61,Simulated
2024-09-16,Russia,15,20,82,Simulated
2024-09-17,Ukraine,10,43,25,Simulated
2024-09-17,Russia,14,18,22,Simulated
2024-09-18,Ukraine,13,44,90,Simulated
2024-09-18,Russia,0,28,89,Simulated
2024-09-19,Ukraine,7,18,43,Simulated
2024-09-19,Russia,18,20,49,Simulated
2024-09-20,Ukraine,5,18,80,Simulated
2024-09-20,Russia,5,3,0,Simulated
2024-09-21,Ukraine,20,40,47,Simulated
2024-09-21,Russia,5,49,33,Simulated
2024-09-22,Ukraine,6,37,90,Simulated
2024-09-22,Russia,16,1,86,Simulated
2024-09-23,Ukraine,18,49,14,Simulated
2024-09-23,Russia,20,48,74,Simulated
2024-09-24,Ukraine,15,4,26,Simulated
2024-09-24,Russia,4,18,3,Simulated
2024-09-25,Ukraine,6,19,65,Simulated
2024-09-25,Russia,11,3,8,Simulated
2024-09-26,Ukraine,2,34,9,Simulated
2024-09-26,Russia,11,3,92,Simulated
2024-09-27,Ukraine,9,21,65,Simulated
2024-09-27,Russia,14,18,42,Simulated
2024-09-28,Ukraine,7,44,0,Simulated
2024-09-28,Russia,5,5,87,Simulated
2024-09-29,Ukraine,18,44,69,Simulated
2024-09-29,Russia,2,18,41,Simulated
2024-09-30,Ukraine,17,46,79,Simulated
2024-09-30,Russia,6,50,34,Simulated
2024-10-01,Ukraine,17,12,36,Simulated
2024-10-01,Russia,10,3,41,Simulated
2024-10-02,Ukraine,1,16,23,Simulated
2024-10-02,Russia,1,47,46,Simulated
2024-10-03,Ukraine,20,14,95,Simulated
2024-10-03,Russia,4,3,53,Simulated
2024-10-04,Ukraine,17,40,53,Simulated
2024-10-04,Russia,7,17,95,Simulated
2024-10-05,Ukraine,7,22,25,Simulated
2024-10-05,Russia,8,12,73,Simulated
2024-10-06,Ukraine,7,21,37,Simulated
2024-10-06,Russia,6,31,100,Simulated
2024-10-07,Ukraine,16,44,41,Simulated
2024-10-07,Russia,13,2,39,Simulated
2024-10-08,Ukraine,0,7,26,Simulated
2024-10-08,Russia,3,1,76,Simulated
2024-10-09,Ukraine,6,47,94,Simulated
2024-10-09,Russia,8,10,16,Simulated
2024-10-10,Ukraine,6,43,31,Simulated
2024-10-10,Russia,8,28,38,Simulated
2024-10-11,Ukraine,14,19,37,Simulated
2024-10-11,Russia,12,46,51,Simulated
2024-10-12,Ukraine,17,17,77,Simulated
2024-10-12,Russia,0,15,49,Simulated
2024-10-13,Ukraine,20,23,43,Simulated
2024-10-13,Russia,12,30,68,Simulated
2024-10-14,Ukraine,1,0,90,Simulated
2024-10-14,Russia,9,32,54,Simulated
2024-10-15,Ukraine,6,34,13,Simulated
2024-10-15,Russia,2,14,58,Simulated
2024-10-16,Ukraine,14,29,81,Simulated
2024-10-16,Russia,3,31,58,Simulated
2024-10-17,Ukraine,1,29,69,Simulated
2024-10-17,Russia,8,39,5,Simulated
2024-10-18,Ukraine,4,36,99,Simulated
2024-10-18,Russia,14,48,47,Simulated
2024-10-19,Ukraine,17,12,77,Simulated
2024-10-19,Russia,9,2,80,Simulated
2024-10-20,Ukraine,0,7,88,Simulated
2024-10-20,Russia,16,38,51,Simulated
2024-10-21,Ukraine,11,50,7,Simulated
2024-10-21,Russia,14,33,36,Simulated
2024-10-22,Ukraine,19,49,59,Simulated
2024-10-22,Russia,15,13,30,Simulated
2024-10-23,Ukraine,0,13,32,Simulated
2024-10-23,Russia,7,45,29,Simulated
2024-10-24,Ukraine,17,4,18,Simulated
2024-10-24,Russia,16,42,35,Simulated
2024-10-25,Ukraine,12,46,10,Simulated
2024-10-25,Russia,11,17,74,Simulated
2024-10-26,Ukraine,16,47,80,Simulated
2024-10-26,Russia,13,30,20,Simulated
2024-10-27,Ukraine,4,12,84,Simulated
2024-10-27,Russia,17,43,9,Simulated
2024-10-28,Ukraine,20,6,8,Simulated
2024-10-28,Russia,17,37,92,Simulated
2024-10-29,Ukraine,11,10,80,Simulated
2024-10-29,Russia,14,14,78,Simulated
2024-10-30,Ukraine,8,38,86,Simulated
2024-10-30,Russia,0,35,39,Simulated
2024-10-31,Ukraine,13,33,65,Simulated
2024-10-31,Russia,17,5,48,Simulated
2024-11-01,Ukraine,3,46,99,Simulated
2024-11-01,Russia,6,9,38,Simulated
2024-11-02,Ukraine,19,8,73,Simulated
2024-11-02,Russia,3,23,48,Simulated
2024-11-03,Ukraine,5,46,72,Simulated
2024-11-03,Russia,5,49,54,Simulated
2024-11-04,Ukraine,13,18,67,Simulated
2024-11-04,Russia,11,30,94,Simulated
2024-11-05,Ukraine,18,9,69,Simulated
2024-11-05,Russia,12,41,26,Simulated
2024-11-06,Ukraine,1,30,90,Simulated
2024-11-06,Russia,11,7,12,Simulated
2024-11-07,Ukraine,18,46,71,Simulated
2024-11-07,Russia,8,42,77,Simulated
2024-11-08,Ukraine,7,20,4,Simulated
2024-11-08,Russia,1,9,93,Simulated
2024-11-09,Ukraine,19,6,2,Simulated
2024-11-09,Russia,20,13,1,Simulated
2024-11-10,Ukraine,15,6,72,Simulated
2024-11-10,Russia,12,13,96,Simulated
2024-11-11,Ukraine,3,3,7,Simulated
2024-11-11,Russia,9,7,29,Simulated
2024-11-12,Ukraine,2,31,6,Simulated
2024-11-12,Russia,15,0,81,Simulated
2024-11-13,Ukraine,11,0,30,Simulated
2024-11-13,Russia,0,32,75,Simulated
2024-11-14,Ukraine,0,24,2,Simulated
2024-11-14,Russia,1,30,24,Simulated
2024-11-15,Ukraine,12,35,39,Simulated
2024-11-15,Russia,20,23,2,Simulated
2024-11-16,Ukraine,8,45,96,Simulated
2024-11-16,Russia,13,24,16,Simulated
2024-11-17,Ukraine,19,49,34,Simulated
2024-11-17,Russia,11,17,76,Simulated
2024-11-18,Ukraine,10,5,90,Simulated
2024-11-18,Russia,1,42,78,Simulated
2024-11-19,Ukraine,13,2,36,Simulated
2024-11-19,Russia,13,17,34,Simulated
2024-11-20,Ukraine,4,17,3,Simulated
2024-11-20,Russia,17,29,66,Simulated
2024-11-21,Ukraine,15,49,70,Simulated
2024-11-21,Russia,9,4,16,Simulated
2024-11-22,Ukraine,8,14,97,Simulated
2024-11-22,Russia,10,44,92,Simulated
2024-11-23,Ukraine,16,24,51,Simulated
2024-11-23,Russia,14,39,97,Simulated
2024-11-24,Ukraine,14,49,15,Simulated
2024-11-24,Russia,18,9,79,Simulated
2024-11-25,Ukraine,0,28,35,Simulated
2024-11-25,Russia,1,12,61,Simulated
2024-11-26,Ukraine,19,25,22,Simulated
2024-11-26,Russia,10,14,87,Simulated
2024-11-27,Ukraine,7,50,85,Simulated
2024-11-27,Russia,3,6,21,Simulated
2024-11-28,Ukraine,2,12,84,Simulated
2024-11-28,Russia,14,27,40,Simulated
2024-11-29,Ukraine,9,7,76,Simulated
2024-11-29,Russia,11,43,85,Simulated
2024-11-30,Ukraine,14,13,74,Simulated
2024-11-30,Russia,17,20,61,Simulated
2024-12-01,Ukraine,13,22,18,Simulated
2024-12-01,Russia,12,35,50,Simulated
2024-12-02,Ukraine,12,40,27,Simulated
2024-12-02,Russia,1,30,54,Simulated
2024-12-03,Ukraine,20,27,8,Simulated
2024-12-03,Russia,8,47,10,Simulated
2024-12-04,Ukraine,7,32,28,Simulated
2024-12-04,Russia,4,48,75,Simulated
2024-12-05,Ukraine,8,8,74,Simulated
2024-12-05,Russia,6,16,49,Simulated
2024-12-06,Ukraine,19,3,21,Simulated
2024-12-06,Russia,6,37,4,Simulated
2024-12-07,Ukraine,17,36,89,Simulated
2024-12-07,Russia,4,11,22,Simulated
2024-12-08,Ukraine,17,16,73,Simulated
2024-12-08,Russia,9,24,27,Simulated
2024-12-09,Ukraine,13,21,69,Simulated
2024-12-09,Russia,4,15,91,Simulated
2024-12-10,Ukraine,3,1,74,Simulated
2024-12-10,Russia,7,44,4,Simulated
2024-12-11,Ukraine,7,19,69,Simulated
2024-12-11,Russia,16,37,35,Simulated
2024-12-12,Ukraine,8,14,46,Simulated
2024-12-12,Russia,4,30,82,Simulated
2024-12-13,Ukraine,6,9,13,Simulated
2024-12-13,Russia,6,24,62,Simulated
2024-12-14,Ukraine,13,32,71,Simulated
2024-12-14,Russia,10,17,20,Simulated
2024-12-15,Ukraine,20,43,73,Simulated
2024-12-15,Russia,7,24,33,Simulated
2024-12-16,Ukraine,10,42,71,Simulated
2024-12-16,Russia,20,2,0,Simulated
2024-12-17,Ukraine,18,47,28,Simulated
2024-12-17,Russia,17,42,35,Simulated
2024-12-18,Ukraine,20,31,66,Simulated
2024-12-18,Russia,20,31,90,Simulated
2024-12-19,Ukraine,14,0,15,Simulated
2024-12-19,Russia,0,44,78,Simulated
2024-12-20,Ukraine,6,8,54,Simulated
2024-12-20,Russia,3,40,1,Simulated
2024-12-21,Ukraine,3,48,0,Simulated
2024-12-21,Russia,12,14,41,Simulated
2024-12-22,Ukraine,15,50,14,Simulated
2024-12-22,Russia,11,2,11,Simulated
2024-12-23,Ukraine,3,10,45,Simulated
2024-12-23,Russia,16,49,53,Simulated
2024-12-24,Ukraine,15,31,25,Simulated
2024-12-24,Russia,0,38,71,Simulated
2024-12-25,Ukraine,1,31,5,Simulated
2024-12-25,Russia,11,31,86,Simulated
2024-12-26,Ukraine,14,0,23,Simulated
2024-12-26,Russia,2,3,57,Simulated
2024-12-27,Ukraine,2,5,34,Simulated
2024-12-27,Russia,8,6,19,Simulated
2024-12-28,Ukraine,16,42,83,Simulated
2024-12-28,Russia,4,32,29,Simulated
2024-12-29,Ukraine,9,37,52,Simulated
2024-12-29,Russia,15,32,87,Simulated
2024-12-30,Ukraine,13,17,77,Simulated
2024-12-30,Russia,18,12,100,Simulated
2024-12-31,Ukraine,6,29,59,Simulated
2024-12-31,Russia,4,50,19,Simulated
2025-01-01,Ukraine,17,32,83,Simulated
2025-01-01,Russia,9,1,59,Simulated
2025-01-02,Ukraine,8,13,62,Simulated
2025-01-02,Russia,8,7,14,Simulated
2025-01-03,Ukraine,4,23,56,Simulated
2025-01-03,Russia,10,20,81,Simulated
2025-01-04,Ukraine,4,45,35,Simulated
2025-01-04,Russia,20,17,66,Simulated
2025-01-05,Ukraine,10,11,13,Simulated
2025-01-05,Russia,14,1,60,Simulated
2025-01-06,Ukraine,16,40,78,Simulated
2025-01-06,Russia,2,27,28,Simulated
2025-01-07,Ukraine,7,1,6,Simulated
2025-01-07,Russia,10,15,88,Simulated
2025-01-08,Ukraine,0,31,10,Simulated
2025-01-08,Russia,9,22,45,Simulated
2025-01-09,Ukraine,13,27,5,Simulated
2025-01-09,Russia,8,9,0,Simulated
2025-01-10,Ukraine,5,23,41,Simulated
2025-01-10,Russia,3,18,1,Simulated
2025-01-11,Ukraine,3,29,5,Simulated
2025-01-11,Russia,5,2,61,Simulated
2025-01-12,Ukraine,19,2,92,Simulated
2025-01-12,Russia,18,24,84,Simulated
2025-01-13,Ukraine,2,15,85,Simulated
2025-01-13,Russia,14,23,63,Simulated
2025-01-14,Ukraine,8,16,9,Simulated
2025-01-14,Russia,1,2,67,Simulated
2025-01-15,Ukraine,8,30,33,Simulated
2025-01-15,Russia,17,48,87,Simulated
2025-01-16,Ukraine,1,14,36,Simulated
2025-01-16,Russia,15,45,44,Simulated
2025-01-17,Ukraine,0,20,81,Simulated
2025-01-17,Russia,18,10,50,Simulated
2025-01-18,Ukraine,12,29,12,Simulated
2025-01-18,Russia,13,25,89,Simulated
2025-01-19,Ukraine,10,26,57,Simulated
2025-01-19,Russia,4,17,87,Simulated
2025-01-20,Ukraine,10,39,39,Simulated
2025-01-20,Russia,11,13,42,Simulated
2025-01-21,Ukraine,12,27,88,Simulated
2025-01-21,Russia,12,48,64,Simulated
2025-01-22,Ukraine,13,49,36,Simulated
2025-01-22,Russia,10,33,60,Simulated
2025-01-23,Ukraine,13,35,89,Simulated
2025-01-23,Russia,16,12,93,Simulated
2025-01-24,Ukraine,6,25,95,Simulated
2025-01-24,Russia,5,8,87,Simulated
2025-01-25,Ukraine,18,30,43,Simulated
2025-01-25,Russia,12,16,19,Simulated
2025-01-26,Ukraine,9,39,8,Simulated
2025-01-26,Russia,12,17,46,Simulated
2025-01-27,Ukraine,18,4,25,Simulated
2025-01-27,Russia,20,19,0,Simulated
2025-01-28,Ukraine,15,12,59,Simulated
2025-01-28,Russia,3,30,41,Simulated
2025-01-29,Ukraine,18,40,27,Simulated
2025-01-29,Russia,2,5,50,Simulated
2025-01-30,Ukraine,15,42,30,Simulated
2025-01-30,Russia,20,24,6,Simulated
2025-01-31,Ukraine,6,2,28,Simulated
2025-01-31,Russia,17,44,13,Simulated
2025-02-01,Ukraine,10,9,30,Simulated
2025-02-01,Russia,17,46,78,Simulated
2025-02-02,Ukraine,12,27,85,Simulated
2025-02-02,Russia,17,14,87,Simulated
2025-02-03,Ukraine,6,8,5,Simulated
2025-02-03,Russia,1,48,69,Simulated
2025-02-04,Ukraine,15,16,81,Simulated
2025-02-04,Russia,1,10,77,Simulated
2025-02-05,Ukraine,11,24,19,Simulated
2025-02-05,Russia,19,27,86,Simulated
2025-02-06,Ukraine,8,27,71,Simulated
2025-02-06,Russia,13,11,99,Simulated
2025-02-07,Ukraine,7,31,35,Simulated
2025-02-07,Russia,17,12,12,Simulated
2025-02-08,Ukraine,0,49,92,Simulated
2025-02-08,Russia,12,42,68,Simulated
2025-02-09,Ukraine,18,6,75,Simulated
2025-02-09,Russia,1,22,52,Simulated
2025-02-10,Ukraine,7,12,97,Simulated
2025-02-10,Russia,19,42,47,Simulated
2025-02-11,Ukraine,20,9,67,Simulated
2025-02-11,Russia,18,11,88,Simulated
2025-02-12,Ukraine,14,45,39,Simulated
2025-02-12,Russia,18,9,78,Simulated
2025-02-13,Ukraine,7,15,28,Simulated
2025-02-13,Russia,17,42,11,Simulated
2025-02-14,Ukraine,11,38,29,Simulated
2025-02-14,Russia,1,36,24,Simulated
2025-02-15,Ukraine,10,16,27,Simulated
2025-02-15,Russia,0,47,61,Simulated
2025-02-16,Ukraine,16,48,63,Simulated
2025-02-16,Russia,14,34,40,Simulated
2025-02-17,Ukraine,1,38,47,Simulated
2025-02-17,Russia,20,5,45,Simulated
2025-02-18,Ukraine,7,49,13,Simulated
2025-02-18,Russia,19,47,56,Simulated
2025-02-19,Ukraine,2,9,92,Simulated
2025-02-19,Russia,1,1,47,Simulated
2025-02-20,Ukraine,6,47,52,Simulated
2025-02-20,Russia,19,13,16,Simulated
2025-02-21,Ukraine,6,4,73,Simulated
2025-02-21,Russia,9,15,72,Simulated
2025-02-22,Ukraine,18,47,95,Simulated
2025-02-22,Russia,14,32,22,Simulated
2025-02-23,Ukraine,13,3,99,Simulated
2025-02-23,Russia,9,11,75,Simulated
2025-02-24,Ukraine,13,20,51,Simulated
2025-02-24,Russia,20,47,98,Simulated
2025-02-25,Ukraine,18,29,80,Simulated
2025-02-25,Russia,16,45,50,Simulated
2025-02-26,Ukraine,1,49,38,Simulated
2025-02-26,Russia,5,41,79,Simulated
2025-02-27,Ukraine,10,30,25,Simulated
2025-02-27,Russia,0,47,1,Simulated
2025-02-28,Ukraine,9,23,97,Simulated
2025-02-28,Russia,16,7,21,Simulated
2025-03-01,Ukraine,17,13,77,Simulated
2025-03-01,Russia,16,28,89,Simulated
2025-03-02,Ukraine,9,39,83,Simulated
2025-03-02,Russia,4,26,33,Simulated
2025-03-03,Ukraine,13,22,98,Simulated
2025-03-03,Russia,13,14,3,Simulated
2025-03-04,Ukraine,13,7,93,Simulated
2025-03-04,Russia,6,50,22,Simulated
2025-03-05,Ukraine,10,7,59,Simulated
2025-03-05,Russia,2,22,56,Simulated
2025-03-06,Ukraine,5,40,39,Simulated
2025-03-06,Russia,1,25,89,Simulated
2025-03-07,Ukraine,11,40,95,Simulated
2025-03-07,Russia,10,6,35,Simulated
2025-03-08,Ukraine,2,34,40,Simulated
2025-03-08,Russia,4,10,21,Simulated
2025-03-09,Ukraine,4,26,27,Simulated
2025-03-09,Russia,2,24,95,Simulated
2025-03-10,Ukraine,14,13,70,Simulated
2025-03-10,Russia,2,21,87,Simulated
2025-03-11,Ukraine,4,40,28,Simulated
2025-03-11,Russia,6,5,60,Simulated
2025-03-12,Ukraine,0,34,60,Simulated
2025-03-12,Russia,12,50,75,Simulated
2025-03-13,Ukraine,11,36,42,Simulated
2025-03-13,Russia,1,37,9,Simulated
2025-03-14,Ukraine,8,17,96,Simulated
2025-03-14,Russia,3,3,19,Simulated
2025-03-15,Ukraine,17,34,94,Simulated
2025-03-15,Russia,7,21,11,Simulated
2025-03-16,Ukraine,20,46,58,Simulated
2025-03-16,Russia,3,5,100,Simulated
2025-03-17,Ukraine,3,47,47,Simulated
2025-03-17,Russia,3,27,45,Simulated
2025-03-18,Ukraine,13,24,67,Simulated
2025-03-18,Russia,19,5,58,Simulated
2025-03-19,Ukraine,17,5,58,Simulated
2025-03-19,Russia,1,50,81,Simulated
2025-03-20,Ukraine,3,26,81,Simulated
2025-03-20,Russia,0,9,35,Simulated
2025-03-21,Ukraine,16,48,87,Simulated
2025-03-21,Russia,6,48,50,Simulated
2025-03-22,Ukraine,4,10,71,Simulated
2025-03-22,Russia,18,35,2,Simulated
2025-03-23,Ukraine,7,8,91,Simulated
2025-03-23,Russia,9,10,55,Simulated
2025-03-24,Ukraine,13,1,65,Simulated
2025-03-24,Russia,17,49,98,Simulated
2025-03-25,Ukraine,1,0,48,Simulated
2025-03-25,Russia,0,19,21,Simulated
2025-03-26,Ukraine,3,37,40,Simulated
2025-03-26,Russia,16,49,100,Simulated
2025-03-27,Ukraine,17,3,0,Simulated
2025-03-27,Russia,16,41,69,Simulated
2025-03-28,Ukraine,8,5,33,Simulated
2025-03-28,Russia,19,28,22,Simulated
2025-03-29,Ukraine,10,12,2,Simulated
2025-03-29,Russia,15,8,21,Simulated
2025-03-30,Ukraine,20,39,15,Simulated
2025-03-30,Russia,4,6,52,Simulated
2025-03-31,Ukraine,1,35,29,Simulated
2025-03-31,Russia,15,6,1,Simulated
2025-04-01,Ukraine,20,23,39,Simulated
2025-04-01,Russia,0,6,34,Simulated
2025-04-02,Ukraine,2,21,88,Simulated
2025-04-02,Russia,0,26,68,Simulated
2025-04-03,Ukraine,18,4,24,Simulated
2025-04-03,Russia,1,20,22,Simulated
2025-04-04,Ukraine,4,28,11,Simulated
2025-04-04,Russia,19,19,56,Simulated
2025-04-05,Ukraine,9,42,79,Simulated
2025-04-05,Russia,7,10,78,Simulated
2025-04-06,Ukraine,0,17,54,Simulated
2025-04-06,Russia,1,41,29,Simulated
2025-04-07,Ukraine,14,22,2,Simulated
2025-04-07,Russia,14,0,16,Simulated
2025-04-08,Ukraine,3,13,40,Simulated
2025-04-08,Russia,17,9,90,Simulated
2025-04-09,Ukraine,15,49,32,Simulated
2025-04-09,Russia,19,44,25,Simulated
2025-04-10,Ukraine,16,32,0,Simulated
2025-04-10,Russia,19,41,83,Simulated
2025-04-11,Ukraine,20,2,81,Simulated
2025-04-11,Russia,10,15,59,Simulated
2025-04-12,Ukraine,17,22,42,Simulated
2025-04-12,Russia,2,46,61,Simulated
2025-04-13,Ukraine,10,10,52,Simulated
2025-04-13,Russia,10,6,37,Simulated
2025-04-14,Ukraine,5,43,5,Simulated
2025-04-14,Russia,0,24,24,Simulated
2025-04-15,Ukraine,6,10,23,Simulated
2025-04-15,Russia,5,25,44,Simulated
2025-04-16,Ukraine,2,8,33,Simulated
2025-04-16,Russia,20,39,19,Simulated
2025-04-17,Ukraine,7,30,71,Simulated
2025-04-17,Russia,12,25,32,Simulated
2025-04-18,Ukraine,6,16,96,Simulated
2025-04-18,Russia,15,49,57,Simulated
2025-04-19,Ukraine,17,40,100,Simulated
2025-04-19,Russia,4,0,63,Simulated
2025-04-20,Ukraine,3,10,81,Simulated
2025-04-20,Russia,13,25,26,Simulated
2025-04-21,Ukraine,1,1,18,Simulated
2025-04-21,Russia,6,49,83,Simulated
2025-04-22,Ukraine,13,17,61,Simulated
2025-04-22,Russia,15,48,98,Simulated
2025-04-23,Ukraine,10,12,14,Simulated
2025-04-23,Russia,1,2,32,Simulated
2025-04-24,Ukraine,1,41,32,Simulated
2025-04-24,Russia,17,16,52,Simulated
2025-04-25,Ukraine,2,40,49,Simulated
2025-04-25,Russia,15,23,52,Simulated
2025-04-26,Ukraine,6,3,25,Simulated
2025-04-26,Russia,6,18,56,Simulated
2025-04-27,Ukraine,7,22,78,Simulated
2025-04-27,Russia,12,50,79,Simulated
2025-04-28,Ukraine,4,0,49,Simulated
2025-04-28,Russia,17,9,18,Simulated
2025-04-29,Ukraine,17,25,42,Simulated
2025-04-29,Russia,13,49,4,Simulated
2025-04-30,Ukraine,10,34,14,Simulated
2025-04-30,Russia,6,50,82,Simulated
2025-05-01,Ukraine,14,35,26,Simulated
2025-05-01,Russia,13,23,16,Simulated
2025-05-02,Ukraine,13,44,45,Simulated
2025-05-02,Russia,3,49,36,Simulated
2025-05-03,Ukraine,4,16,57,Simulated
2025-05-03,Russia,4,19,87,Simulated
2025-05-04,Ukraine,1,48,28,Simulated
2025-05-04,Russia,0,21,43,Simulated
2025-05-05,Ukraine,9,35,100,Simulated
2025-05-05,Russia,13,3,56,Simulated
2025-05-06,Ukraine,3,45,69,Simulated
2025-05-06,Russia,9,31,74,Simulated
