Date,Donor Country,Aid Type,Value (USD),Description,Source
2022-02-24,UK,Financial,17140183,Aid package for Ukraine,Simulated
2022-02-25,Canada,Financial,23905493,Aid package for Ukraine,Simulated
2022-02-26,Germany,Humanitarian,1878707,Aid package for Ukraine,Simulated
2022-02-27,France,Humanitarian,46918790,Aid package for Ukraine,Simulated
2022-02-28,Canada,Humanitarian,34791451,Aid package for Ukraine,Simulated
2022-03-01,Germany,Military,79110584,Aid package for Ukraine,Simulated
2022-03-02,UK,Military,39581233,Aid package for Ukraine,Simulated
2022-03-03,Germany,Financial,2401466,Aid package for Ukraine,Simulated
2022-03-04,Canada,Financial,81706587,Aid package for Ukraine,Simulated
2022-03-05,France,Humanitarian,15477773,Aid package for Ukraine,Simulated
2022-03-06,Canada,Financial,28935990,Aid package for Ukraine,Simulated
2022-03-07,Germany,Military,63129566,Aid package for Ukraine,Simulated
2022-03-08,Germany,Financial,49127818,Aid package for Ukraine,Simulated
2022-03-09,UK,Humanitarian,38877089,Aid package for Ukraine,Simulated
2022-03-10,Canada,Military,21338790,Aid package for Ukraine,Simulated
2022-03-11,UK,Humanitarian,19894598,Aid package for Ukraine,Simulated
2022-03-12,Canada,Military,2064482,Aid package for Ukraine,Simulated
2022-03-13,France,Military,2195710,Aid package for Ukraine,Simulated
2022-03-14,USA,Financial,36496029,Aid package for Ukraine,Simulated
2022-03-15,USA,Military,13129066,Aid package for Ukraine,Simulated
2022-03-16,UK,Financial,35292717,Aid package for Ukraine,Simulated
2022-03-17,Canada,Financial,40712335,Aid package for Ukraine,Simulated
2022-03-18,Canada,Financial,28890725,Aid package for Ukraine,Simulated
2022-03-19,France,Military,3259730,Aid package for Ukraine,Simulated
2022-03-20,UK,Financial,55110732,Aid package for Ukraine,Simulated
2022-03-21,France,Financial,40890505,Aid package for Ukraine,Simulated
2022-03-22,Canada,Financial,85958057,Aid package for Ukraine,Simulated
2022-03-23,UK,Humanitarian,95696927,Aid package for Ukraine,Simulated
2022-03-24,UK,Military,11487415,Aid package for Ukraine,Simulated
2022-03-25,USA,Financial,36474613,Aid package for Ukraine,Simulated
2022-03-26,UK,Military,34102953,Aid package for Ukraine,Simulated
2022-03-27,UK,Humanitarian,6104098,Aid package for Ukraine,Simulated
2022-03-28,France,Military,37156111,Aid package for Ukraine,Simulated
2022-03-29,Canada,Financial,88798287,Aid package for Ukraine,Simulated
2022-03-30,UK,Financial,24344015,Aid package for Ukraine,Simulated
2022-03-31,Germany,Military,67779240,Aid package for Ukraine,Simulated
2022-04-01,France,Military,3662887,Aid package for Ukraine,Simulated
2022-04-02,UK,Military,44184593,Aid package for Ukraine,Simulated
2022-04-03,Germany,Financial,97474969,Aid package for Ukraine,Simulated
2022-04-04,USA,Humanitarian,84128122,Aid package for Ukraine,Simulated
2022-04-05,Germany,Military,20332512,Aid package for Ukraine,Simulated
2022-04-06,Canada,Humanitarian,65111344,Aid package for Ukraine,Simulated
2022-04-07,UK,Humanitarian,56874002,Aid package for Ukraine,Simulated
2022-04-08,Canada,Humanitarian,77273709,Aid package for Ukraine,Simulated
2022-04-09,UK,Financial,82677985,Aid package for Ukraine,Simulated
2022-04-10,Germany,Financial,80260989,Aid package for Ukraine,Simulated
2022-04-11,USA,Military,71769104,Aid package for Ukraine,Simulated
2022-04-12,UK,Humanitarian,11892981,Aid package for Ukraine,Simulated
2022-04-13,France,Military,85888586,Aid package for Ukraine,Simulated
2022-04-14,UK,Financial,15896195,Aid package for Ukraine,Simulated
2022-04-15,France,Military,7831014,Aid package for Ukraine,Simulated
2022-04-16,France,Financial,90668069,Aid package for Ukraine,Simulated
2022-04-17,Germany,Military,35049447,Aid package for Ukraine,Simulated
2022-04-18,Germany,Humanitarian,3099868,Aid package for Ukraine,Simulated
2022-04-19,France,Military,51384650,Aid package for Ukraine,Simulated
2022-04-20,USA,Military,62176628,Aid package for Ukraine,Simulated
2022-04-21,Canada,Humanitarian,1062917,Aid package for Ukraine,Simulated
2022-04-22,Canada,Military,53908350,Aid package for Ukraine,Simulated
2022-04-23,Canada,Financial,68770576,Aid package for Ukraine,Simulated
2022-04-24,Canada,Humanitarian,64041208,Aid package for Ukraine,Simulated
2022-04-25,France,Humanitarian,17478380,Aid package for Ukraine,Simulated
2022-04-26,France,Humanitarian,91001463,Aid package for Ukraine,Simulated
2022-04-27,Germany,Military,45263469,Aid package for Ukraine,Simulated
2022-04-28,USA,Humanitarian,80092467,Aid package for Ukraine,Simulated
2022-04-29,USA,Military,64910923,Aid package for Ukraine,Simulated
2022-04-30,UK,Military,17688041,Aid package for Ukraine,Simulated
2022-05-01,France,Financial,28218964,Aid package for Ukraine,Simulated
2022-05-02,USA,Humanitarian,81649029,Aid package for Ukraine,Simulated
2022-05-03,France,Humanitarian,24650923,Aid package for Ukraine,Simulated
2022-05-04,Germany,Humanitarian,45171064,Aid package for Ukraine,Simulated
2022-05-05,France,Financial,68373954,Aid package for Ukraine,Simulated
2022-05-06,UK,Financial,25985617,Aid package for Ukraine,Simulated
2022-05-07,Canada,Military,31761044,Aid package for Ukraine,Simulated
2022-05-08,Canada,Military,75862502,Aid package for Ukraine,Simulated
2022-05-09,France,Financial,21219869,Aid package for Ukraine,Simulated
2022-05-10,UK,Humanitarian,83095525,Aid package for Ukraine,Simulated
2022-05-11,UK,Humanitarian,36069850,Aid package for Ukraine,Simulated
2022-05-12,USA,Military,88735139,Aid package for Ukraine,Simulated
2022-05-13,USA,Military,58990337,Aid package for Ukraine,Simulated
2022-05-14,UK,Humanitarian,2335163,Aid package for Ukraine,Simulated
2022-05-15,USA,Military,2036452,Aid package for Ukraine,Simulated
2022-05-16,Germany,Military,81779719,Aid package for Ukraine,Simulated
2022-05-17,Canada,Humanitarian,13629124,Aid package for Ukraine,Simulated
2022-05-18,Germany,Military,99852969,Aid package for Ukraine,Simulated
2022-05-19,Germany,Military,98325589,Aid package for Ukraine,Simulated
2022-05-20,UK,Military,82169898,Aid package for Ukraine,Simulated
2022-05-21,Germany,Military,83945699,Aid package for Ukraine,Simulated
2022-05-22,Germany,Financial,83053288,Aid package for Ukraine,Simulated
2022-05-23,France,Financial,38254563,Aid package for Ukraine,Simulated
2022-05-24,France,Financial,4760020,Aid package for Ukraine,Simulated
2022-05-25,France,Humanitarian,92058564,Aid package for Ukraine,Simulated
2022-05-26,USA,Financial,66162269,Aid package for Ukraine,Simulated
2022-05-27,Germany,Military,19804238,Aid package for Ukraine,Simulated
2022-05-28,Canada,Financial,25526462,Aid package for Ukraine,Simulated
2022-05-29,Germany,Humanitarian,30775745,Aid package for Ukraine,Simulated
2022-05-30,Germany,Humanitarian,48850319,Aid package for Ukraine,Simulated
2022-05-31,USA,Military,56614128,Aid package for Ukraine,Simulated
2022-06-01,Germany,Financial,11741763,Aid package for Ukraine,Simulated
2022-06-02,Germany,Military,60755117,Aid package for Ukraine,Simulated
2022-06-03,Germany,Financial,83705127,Aid package for Ukraine,Simulated
2022-06-04,USA,Financial,37348683,Aid package for Ukraine,Simulated
2022-06-05,UK,Humanitarian,98214950,Aid package for Ukraine,Simulated
2022-06-06,USA,Financial,45556673,Aid package for Ukraine,Simulated
2022-06-07,Canada,Military,63043016,Aid package for Ukraine,Simulated
2022-06-08,USA,Financial,58063909,Aid package for Ukraine,Simulated
2022-06-09,USA,Military,89402778,Aid package for Ukraine,Simulated
2022-06-10,USA,Humanitarian,62321353,Aid package for Ukraine,Simulated
2022-06-11,France,Humanitarian,84154456,Aid package for Ukraine,Simulated
2022-06-12,Germany,Military,93313215,Aid package for Ukraine,Simulated
2022-06-13,UK,Financial,11713255,Aid package for Ukraine,Simulated
2022-06-14,UK,Financial,76383022,Aid package for Ukraine,Simulated
2022-06-15,UK,Military,53516015,Aid package for Ukraine,Simulated
2022-06-16,Germany,Military,42370879,Aid package for Ukraine,Simulated
2022-06-17,Canada,Financial,69429529,Aid package for Ukraine,Simulated
2022-06-18,France,Financial,51540239,Aid package for Ukraine,Simulated
2022-06-19,Canada,Humanitarian,24589454,Aid package for Ukraine,Simulated
2022-06-20,Canada,Financial,26700236,Aid package for Ukraine,Simulated
2022-06-21,Canada,Financial,68486171,Aid package for Ukraine,Simulated
2022-06-22,Canada,Financial,71977979,Aid package for Ukraine,Simulated
2022-06-23,Canada,Humanitarian,9590716,Aid package for Ukraine,Simulated
2022-06-24,Canada,Humanitarian,74162827,Aid package for Ukraine,Simulated
2022-06-25,USA,Financial,69389845,Aid package for Ukraine,Simulated
2022-06-26,USA,Financial,37120269,Aid package for Ukraine,Simulated
2022-06-27,Canada,Financial,52585904,Aid package for Ukraine,Simulated
2022-06-28,USA,Financial,92335057,Aid package for Ukraine,Simulated
2022-06-29,UK,Military,57715989,Aid package for Ukraine,Simulated
2022-06-30,Germany,Military,55970067,Aid package for Ukraine,Simulated
2022-07-01,USA,Humanitarian,77747310,Aid package for Ukraine,Simulated
2022-07-02,Germany,Military,13064307,Aid package for Ukraine,Simulated
2022-07-03,France,Financial,20097076,Aid package for Ukraine,Simulated
2022-07-04,USA,Military,33901877,Aid package for Ukraine,Simulated
2022-07-05,Canada,Financial,92964244,Aid package for Ukraine,Simulated
2022-07-06,France,Military,34612122,Aid package for Ukraine,Simulated
2022-07-07,France,Military,35855691,Aid package for Ukraine,Simulated
2022-07-08,France,Humanitarian,18565192,Aid package for Ukraine,Simulated
2022-07-09,Germany,Military,38315200,Aid package for Ukraine,Simulated
2022-07-10,Canada,Financial,89997893,Aid package for Ukraine,Simulated
2022-07-11,Canada,Military,32736979,Aid package for Ukraine,Simulated
2022-07-12,Germany,Humanitarian,92514448,Aid package for Ukraine,Simulated
2022-07-13,France,Financial,80720691,Aid package for Ukraine,Simulated
2022-07-14,USA,Humanitarian,57058822,Aid package for Ukraine,Simulated
2022-07-15,Canada,Military,29516097,Aid package for Ukraine,Simulated
2022-07-16,France,Humanitarian,48098572,Aid package for Ukraine,Simulated
2022-07-17,Germany,Financial,50434285,Aid package for Ukraine,Simulated
2022-07-18,UK,Humanitarian,19152791,Aid package for Ukraine,Simulated
2022-07-19,USA,Financial,95426033,Aid package for Ukraine,Simulated
2022-07-20,UK,Financial,82372875,Aid package for Ukraine,Simulated
2022-07-21,UK,Military,26286172,Aid package for Ukraine,Simulated
2022-07-22,USA,Humanitarian,31743207,Aid package for Ukraine,Simulated
2022-07-23,USA,Humanitarian,89557896,Aid package for Ukraine,Simulated
2022-07-24,Canada,Military,39368211,Aid package for Ukraine,Simulated
2022-07-25,Canada,Financial,97202450,Aid package for Ukraine,Simulated
2022-07-26,UK,Financial,70094149,Aid package for Ukraine,Simulated
2022-07-27,Canada,Humanitarian,14345945,Aid package for Ukraine,Simulated
2022-07-28,France,Financial,85243414,Aid package for Ukraine,Simulated
2022-07-29,Germany,Financial,28948583,Aid package for Ukraine,Simulated
2022-07-30,France,Financial,43720251,Aid package for Ukraine,Simulated
2022-07-31,USA,Military,24525420,Aid package for Ukraine,Simulated
2022-08-01,USA,Military,7061007,Aid package for Ukraine,Simulated
2022-08-02,Germany,Military,73498549,Aid package for Ukraine,Simulated
2022-08-03,Canada,Military,88017159,Aid package for Ukraine,Simulated
2022-08-04,USA,Military,25047385,Aid package for Ukraine,Simulated
2022-08-05,France,Military,51021452,Aid package for Ukraine,Simulated
2022-08-06,Germany,Humanitarian,78678406,Aid package for Ukraine,Simulated
2022-08-07,UK,Financial,44409943,Aid package for Ukraine,Simulated
2022-08-08,USA,Financial,5496364,Aid package for Ukraine,Simulated
2022-08-09,France,Military,20080915,Aid package for Ukraine,Simulated
2022-08-10,Germany,Military,97962423,Aid package for Ukraine,Simulated
2022-08-11,Germany,Financial,23557137,Aid package for Ukraine,Simulated
2022-08-12,France,Financial,33879691,Aid package for Ukraine,Simulated
2022-08-13,Canada,Military,51826246,Aid package for Ukraine,Simulated
2022-08-14,Germany,Military,57614217,Aid package for Ukraine,Simulated
2022-08-15,UK,Financial,3775442,Aid package for Ukraine,Simulated
2022-08-16,USA,Military,73522818,Aid package for Ukraine,Simulated
2022-08-17,Canada,Humanitarian,32008721,Aid package for Ukraine,Simulated
2022-08-18,UK,Financial,9983049,Aid package for Ukraine,Simulated
2022-08-19,UK,Military,17503214,Aid package for Ukraine,Simulated
2022-08-20,France,Humanitarian,59020750,Aid package for Ukraine,Simulated
2022-08-21,USA,Military,59427755,Aid package for Ukraine,Simulated
2022-08-22,UK,Financial,55410551,Aid package for Ukraine,Simulated
2022-08-23,Canada,Humanitarian,58174226,Aid package for Ukraine,Simulated
2022-08-24,Germany,Military,56397294,Aid package for Ukraine,Simulated
2022-08-25,Germany,Humanitarian,50942144,Aid package for Ukraine,Simulated
2022-08-26,Canada,Humanitarian,54195740,Aid package for Ukraine,Simulated
2022-08-27,Canada,Humanitarian,92111203,Aid package for Ukraine,Simulated
2022-08-28,USA,Military,17917292,Aid package for Ukraine,Simulated
2022-08-29,Germany,Financial,15848195,Aid package for Ukraine,Simulated
2022-08-30,Canada,Humanitarian,43489755,Aid package for Ukraine,Simulated
2022-08-31,UK,Financial,2719799,Aid package for Ukraine,Simulated
2022-09-01,Canada,Military,23852538,Aid package for Ukraine,Simulated
2022-09-02,France,Military,27921793,Aid package for Ukraine,Simulated
2022-09-03,Canada,Financial,83561901,Aid package for Ukraine,Simulated
2022-09-04,USA,Financial,7801361,Aid package for Ukraine,Simulated
2022-09-05,Germany,Military,77674326,Aid package for Ukraine,Simulated
2022-09-06,USA,Military,94786409,Aid package for Ukraine,Simulated
2022-09-07,Germany,Humanitarian,35326472,Aid package for Ukraine,Simulated
2022-09-08,Germany,Humanitarian,18153018,Aid package for Ukraine,Simulated
2022-09-09,UK,Humanitarian,76952204,Aid package for Ukraine,Simulated
2022-09-10,USA,Humanitarian,25000239,Aid package for Ukraine,Simulated
2022-09-11,Germany,Military,89190295,Aid package for Ukraine,Simulated
2022-09-12,USA,Humanitarian,21328681,Aid package for Ukraine,Simulated
2022-09-13,Canada,Financial,84080747,Aid package for Ukraine,Simulated
2022-09-14,Germany,Humanitarian,17898730,Aid package for Ukraine,Simulated
2022-09-15,France,Financial,14819911,Aid package for Ukraine,Simulated
2022-09-16,France,Financial,84272806,Aid package for Ukraine,Simulated
2022-09-17,Germany,Humanitarian,27274595,Aid package for Ukraine,Simulated
2022-09-18,France,Military,3235826,Aid package for Ukraine,Simulated
2022-09-19,Canada,Humanitarian,31187014,Aid package for Ukraine,Simulated
2022-09-20,UK,Humanitarian,72109294,Aid package for Ukraine,Simulated
2022-09-21,USA,Military,95024695,Aid package for Ukraine,Simulated
2022-09-22,Canada,Military,50254548,Aid package for Ukraine,Simulated
2022-09-23,USA,Humanitarian,75994805,Aid package for Ukraine,Simulated
2022-09-24,UK,Financial,35578776,Aid package for Ukraine,Simulated
2022-09-25,UK,Humanitarian,71988243,Aid package for Ukraine,Simulated
2022-09-26,France,Financial,33740821,Aid package for Ukraine,Simulated
2022-09-27,France,Financial,86484899,Aid package for Ukraine,Simulated
2022-09-28,Germany,Financial,56409692,Aid package for Ukraine,Simulated
2022-09-29,UK,Military,29938346,Aid package for Ukraine,Simulated
2022-09-30,UK,Financial,30272746,Aid package for Ukraine,Simulated
2022-10-01,France,Financial,82331794,Aid package for Ukraine,Simulated
2022-10-02,USA,Humanitarian,79192866,Aid package for Ukraine,Simulated
2022-10-03,UK,Humanitarian,85263282,Aid package for Ukraine,Simulated
2022-10-04,USA,Military,76878162,Aid package for Ukraine,Simulated
2022-10-05,France,Financial,25652692,Aid package for Ukraine,Simulated
2022-10-06,France,Financial,34939713,Aid package for Ukraine,Simulated
2022-10-07,Canada,Military,52554593,Aid package for Ukraine,Simulated
2022-10-08,Canada,Humanitarian,9727775,Aid package for Ukraine,Simulated
2022-10-09,Germany,Financial,51976046,Aid package for Ukraine,Simulated
2022-10-10,USA,Humanitarian,67986347,Aid package for Ukraine,Simulated
2022-10-11,UK,Military,53864678,Aid package for Ukraine,Simulated
2022-10-12,Germany,Humanitarian,67675185,Aid package for Ukraine,Simulated
2022-10-13,Germany,Military,95176929,Aid package for Ukraine,Simulated
2022-10-14,UK,Humanitarian,65866010,Aid package for Ukraine,Simulated
2022-10-15,Canada,Military,37232945,Aid package for Ukraine,Simulated
2022-10-16,UK,Financial,59739111,Aid package for Ukraine,Simulated
2022-10-17,Canada,Military,8349252,Aid package for Ukraine,Simulated
2022-10-18,USA,Humanitarian,24551115,Aid package for Ukraine,Simulated
2022-10-19,Canada,Humanitarian,48144851,Aid package for Ukraine,Simulated
2022-10-20,Germany,Humanitarian,8998952,Aid package for Ukraine,Simulated
2022-10-21,France,Financial,46018901,Aid package for Ukraine,Simulated
2022-10-22,France,Financial,92029456,Aid package for Ukraine,Simulated
2022-10-23,France,Humanitarian,12282375,Aid package for Ukraine,Simulated
2022-10-24,Canada,Military,2164107,Aid package for Ukraine,Simulated
2022-10-25,Germany,Financial,85259765,Aid package for Ukraine,Simulated
2022-10-26,UK,Financial,16291403,Aid package for Ukraine,Simulated
2022-10-27,UK,Financial,50745328,Aid package for Ukraine,Simulated
2022-10-28,Canada,Military,98700370,Aid package for Ukraine,Simulated
2022-10-29,Germany,Financial,7665784,Aid package for Ukraine,Simulated
2022-10-30,France,Humanitarian,3581553,Aid package for Ukraine,Simulated
2022-10-31,Canada,Military,55477349,Aid package for Ukraine,Simulated
2022-11-01,Canada,Financial,99122348,Aid package for Ukraine,Simulated
2022-11-02,Canada,Humanitarian,55422151,Aid package for Ukraine,Simulated
2022-11-03,USA,Financial,65449920,Aid package for Ukraine,Simulated
2022-11-04,Canada,Financial,69766149,Aid package for Ukraine,Simulated
2022-11-05,France,Humanitarian,35219218,Aid package for Ukraine,Simulated
2022-11-06,UK,Military,94354445,Aid package for Ukraine,Simulated
2022-11-07,France,Military,40084243,Aid package for Ukraine,Simulated
2022-11-08,Canada,Military,57546655,Aid package for Ukraine,Simulated
2022-11-09,UK,Military,70956755,Aid package for Ukraine,Simulated
2022-11-10,UK,Military,72846416,Aid package for Ukraine,Simulated
2022-11-11,USA,Financial,31212466,Aid package for Ukraine,Simulated
2022-11-12,Canada,Military,50839137,Aid package for Ukraine,Simulated
2022-11-13,Canada,Humanitarian,24934806,Aid package for Ukraine,Simulated
2022-11-14,Canada,Humanitarian,18471037,Aid package for Ukraine,Simulated
2022-11-15,Germany,Military,51746206,Aid package for Ukraine,Simulated
2022-11-16,Germany,Military,91062176,Aid package for Ukraine,Simulated
2022-11-17,France,Military,58800443,Aid package for Ukraine,Simulated
2022-11-18,Germany,Humanitarian,89676531,Aid package for Ukraine,Simulated
2022-11-19,USA,Humanitarian,45989897,Aid package for Ukraine,Simulated
2022-11-20,USA,Financial,39606771,Aid package for Ukraine,Simulated
2022-11-21,Canada,Humanitarian,92737393,Aid package for Ukraine,Simulated
2022-11-22,Canada,Military,96885955,Aid package for Ukraine,Simulated
2022-11-23,France,Military,73903551,Aid package for Ukraine,Simulated
2022-11-24,USA,Military,56460300,Aid package for Ukraine,Simulated
2022-11-25,Germany,Financial,45008425,Aid package for Ukraine,Simulated
2022-11-26,France,Humanitarian,89708147,Aid package for Ukraine,Simulated
2022-11-27,UK,Military,13680983,Aid package for Ukraine,Simulated
2022-11-28,France,Military,32620927,Aid package for Ukraine,Simulated
2022-11-29,USA,Humanitarian,66110942,Aid package for Ukraine,Simulated
2022-11-30,Canada,Military,84105578,Aid package for Ukraine,Simulated
2022-12-01,UK,Humanitarian,74785185,Aid package for Ukraine,Simulated
2022-12-02,UK,Humanitarian,78785642,Aid package for Ukraine,Simulated
2022-12-03,UK,Humanitarian,11583092,Aid package for Ukraine,Simulated
2022-12-04,Germany,Financial,90953572,Aid package for Ukraine,Simulated
2022-12-05,USA,Military,61955237,Aid package for Ukraine,Simulated
2022-12-06,UK,Financial,1437699,Aid package for Ukraine,Simulated
2022-12-07,Germany,Financial,84114455,Aid package for Ukraine,Simulated
2022-12-08,UK,Financial,91763737,Aid package for Ukraine,Simulated
2022-12-09,UK,Financial,83963605,Aid package for Ukraine,Simulated
2022-12-10,USA,Military,58111269,Aid package for Ukraine,Simulated
2022-12-11,Canada,Military,81040748,Aid package for Ukraine,Simulated
2022-12-12,Canada,Military,8127540,Aid package for Ukraine,Simulated
2022-12-13,Germany,Humanitarian,55813950,Aid package for Ukraine,Simulated
2022-12-14,UK,Humanitarian,16028531,Aid package for Ukraine,Simulated
2022-12-15,France,Financial,21823406,Aid package for Ukraine,Simulated
2022-12-16,Germany,Humanitarian,83055911,Aid package for Ukraine,Simulated
2022-12-17,USA,Humanitarian,57164896,Aid package for Ukraine,Simulated
2022-12-18,Canada,Financial,45543366,Aid package for Ukraine,Simulated
2022-12-19,Germany,Financial,67038195,Aid package for Ukraine,Simulated
2022-12-20,Canada,Military,50263249,Aid package for Ukraine,Simulated
2022-12-21,Germany,Humanitarian,62412429,Aid package for Ukraine,Simulated
2022-12-22,UK,Financial,16186717,Aid package for Ukraine,Simulated
2022-12-23,France,Financial,20495731,Aid package for Ukraine,Simulated
2022-12-24,UK,Financial,5136114,Aid package for Ukraine,Simulated
2022-12-25,Germany,Humanitarian,54891117,Aid package for Ukraine,Simulated
2022-12-26,France,Military,65930768,Aid package for Ukraine,Simulated
2022-12-27,USA,Military,33033958,Aid package for Ukraine,Simulated
2022-12-28,France,Humanitarian,47891598,Aid package for Ukraine,Simulated
2022-12-29,Canada,Financial,95798948,Aid package for Ukraine,Simulated
2022-12-30,Canada,Military,58086675,Aid package for Ukraine,Simulated
2022-12-31,USA,Humanitarian,61417599,Aid package for Ukraine,Simulated
2023-01-01,UK,Financial,97114937,Aid package for Ukraine,Simulated
2023-01-02,France,Military,94067630,Aid package for Ukraine,Simulated
2023-01-03,Germany,Humanitarian,75964979,Aid package for Ukraine,Simulated
2023-01-04,Canada,Financial,14082010,Aid package for Ukraine,Simulated
2023-01-05,Germany,Humanitarian,67674665,Aid package for Ukraine,Simulated
2023-01-06,Germany,Financial,39458712,Aid package for Ukraine,Simulated
2023-01-07,France,Humanitarian,37764189,Aid package for Ukraine,Simulated
2023-01-08,Germany,Humanitarian,46720400,Aid package for Ukraine,Simulated
2023-01-09,Canada,Military,25284685,Aid package for Ukraine,Simulated
2023-01-10,UK,Humanitarian,29942624,Aid package for Ukraine,Simulated
2023-01-11,USA,Humanitarian,36055673,Aid package for Ukraine,Simulated
2023-01-12,France,Financial,76506971,Aid package for Ukraine,Simulated
2023-01-13,Germany,Military,84072212,Aid package for Ukraine,Simulated
2023-01-14,Canada,Military,26082508,Aid package for Ukraine,Simulated
2023-01-15,UK,Humanitarian,42089543,Aid package for Ukraine,Simulated
2023-01-16,Canada,Humanitarian,5337775,Aid package for Ukraine,Simulated
2023-01-17,USA,Financial,5564825,Aid package for Ukraine,Simulated
2023-01-18,Canada,Military,98780802,Aid package for Ukraine,Simulated
2023-01-19,Germany,Humanitarian,77549822,Aid package for Ukraine,Simulated
2023-01-20,Canada,Humanitarian,99175737,Aid package for Ukraine,Simulated
2023-01-21,USA,Military,29986960,Aid package for Ukraine,Simulated
2023-01-22,USA,Financial,17165719,Aid package for Ukraine,Simulated
2023-01-23,Canada,Financial,66830397,Aid package for Ukraine,Simulated
2023-01-24,France,Military,90133678,Aid package for Ukraine,Simulated
2023-01-25,Canada,Military,88964812,Aid package for Ukraine,Simulated
2023-01-26,UK,Military,3386546,Aid package for Ukraine,Simulated
2023-01-27,France,Financial,73964033,Aid package for Ukraine,Simulated
2023-01-28,Canada,Humanitarian,39091973,Aid package for Ukraine,Simulated
2023-01-29,UK,Financial,61917761,Aid package for Ukraine,Simulated
2023-01-30,Canada,Financial,88565282,Aid package for Ukraine,Simulated
2023-01-31,USA,Financial,66347432,Aid package for Ukraine,Simulated
2023-02-01,Canada,Financial,56795937,Aid package for Ukraine,Simulated
2023-02-02,UK,Humanitarian,4079113,Aid package for Ukraine,Simulated
2023-02-03,UK,Military,7344015,Aid package for Ukraine,Simulated
2023-02-04,Germany,Military,32284845,Aid package for Ukraine,Simulated
2023-02-05,Canada,Financial,49875004,Aid package for Ukraine,Simulated
2023-02-06,Canada,Military,3452595,Aid package for Ukraine,Simulated
2023-02-07,Germany,Humanitarian,38983799,Aid package for Ukraine,Simulated
2023-02-08,France,Humanitarian,83923458,Aid package for Ukraine,Simulated
2023-02-09,Canada,Financial,6183032,Aid package for Ukraine,Simulated
2023-02-10,USA,Humanitarian,4589919,Aid package for Ukraine,Simulated
2023-02-11,France,Humanitarian,39434806,Aid package for Ukraine,Simulated
2023-02-12,Germany,Financial,81699937,Aid package for Ukraine,Simulated
2023-02-13,Canada,Financial,9523807,Aid package for Ukraine,Simulated
2023-02-14,UK,Financial,48353605,Aid package for Ukraine,Simulated
2023-02-15,Germany,Military,53561308,Aid package for Ukraine,Simulated
2023-02-16,Canada,Military,13195295,Aid package for Ukraine,Simulated
2023-02-17,Canada,Humanitarian,10175175,Aid package for Ukraine,Simulated
2023-02-18,Germany,Humanitarian,60734401,Aid package for Ukraine,Simulated
2023-02-19,Germany,Military,3999081,Aid package for Ukraine,Simulated
2023-02-20,France,Financial,19785930,Aid package for Ukraine,Simulated
2023-02-21,France,Financial,24162716,Aid package for Ukraine,Simulated
2023-02-22,UK,Military,53377328,Aid package for Ukraine,Simulated
2023-02-23,UK,Humanitarian,95384406,Aid package for Ukraine,Simulated
2023-02-24,Germany,Financial,44764371,Aid package for Ukraine,Simulated
2023-02-25,USA,Military,20595772,Aid package for Ukraine,Simulated
2023-02-26,UK,Financial,10127752,Aid package for Ukraine,Simulated
2023-02-27,Canada,Military,67602770,Aid package for Ukraine,Simulated
2023-02-28,France,Military,14320152,Aid package for Ukraine,Simulated
2023-03-01,Germany,Military,98851673,Aid package for Ukraine,Simulated
2023-03-02,USA,Humanitarian,45113672,Aid package for Ukraine,Simulated
2023-03-03,Canada,Humanitarian,56548200,Aid package for Ukraine,Simulated
2023-03-04,Germany,Humanitarian,80885974,Aid package for Ukraine,Simulated
2023-03-05,UK,Military,82810556,Aid package for Ukraine,Simulated
2023-03-06,UK,Humanitarian,11148946,Aid package for Ukraine,Simulated
2023-03-07,France,Military,74346546,Aid package for Ukraine,Simulated
2023-03-08,Germany,Humanitarian,87873336,Aid package for Ukraine,Simulated
2023-03-09,UK,Humanitarian,92395494,Aid package for Ukraine,Simulated
2023-03-10,France,Financial,83757100,Aid package for Ukraine,Simulated
2023-03-11,Canada,Military,27075397,Aid package for Ukraine,Simulated
2023-03-12,France,Military,53472551,Aid package for Ukraine,Simulated
2023-03-13,USA,Humanitarian,25460888,Aid package for Ukraine,Simulated
2023-03-14,Germany,Humanitarian,52222907,Aid package for Ukraine,Simulated
2023-03-15,Germany,Financial,83559801,Aid package for Ukraine,Simulated
2023-03-16,UK,Military,55386843,Aid package for Ukraine,Simulated
2023-03-17,Germany,Military,48556543,Aid package for Ukraine,Simulated
2023-03-18,UK,Military,43392132,Aid package for Ukraine,Simulated
2023-03-19,USA,Financial,35527236,Aid package for Ukraine,Simulated
2023-03-20,Canada,Military,81454110,Aid package for Ukraine,Simulated
2023-03-21,UK,Humanitarian,59947474,Aid package for Ukraine,Simulated
2023-03-22,France,Humanitarian,9974899,Aid package for Ukraine,Simulated
2023-03-23,Canada,Military,35007882,Aid package for Ukraine,Simulated
2023-03-24,France,Humanitarian,67521297,Aid package for Ukraine,Simulated
2023-03-25,Germany,Humanitarian,48403109,Aid package for Ukraine,Simulated
2023-03-26,USA,Military,39143454,Aid package for Ukraine,Simulated
2023-03-27,Germany,Humanitarian,34637095,Aid package for Ukraine,Simulated
2023-03-28,UK,Financial,31132633,Aid package for Ukraine,Simulated
2023-03-29,France,Financial,63310638,Aid package for Ukraine,Simulated
2023-03-30,Germany,Military,18548794,Aid package for Ukraine,Simulated
2023-03-31,UK,Financial,24474399,Aid package for Ukraine,Simulated
2023-04-01,Canada,Military,96438934,Aid package for Ukraine,Simulated
2023-04-02,France,Humanitarian,67929903,Aid package for Ukraine,Simulated
2023-04-03,USA,Financial,10454879,Aid package for Ukraine,Simulated
2023-04-04,Canada,Financial,70814640,Aid package for Ukraine,Simulated
2023-04-05,UK,Financial,3228139,Aid package for Ukraine,Simulated
2023-04-06,France,Military,75722624,Aid package for Ukraine,Simulated
2023-04-07,France,Military,30643696,Aid package for Ukraine,Simulated
2023-04-08,UK,Financial,24510192,Aid package for Ukraine,Simulated
2023-04-09,Canada,Military,29598796,Aid package for Ukraine,Simulated
2023-04-10,UK,Financial,49887505,Aid package for Ukraine,Simulated
2023-04-11,UK,Financial,23554312,Aid package for Ukraine,Simulated
2023-04-12,France,Financial,84708407,Aid package for Ukraine,Simulated
2023-04-13,USA,Financial,46770146,Aid package for Ukraine,Simulated
2023-04-14,Canada,Financial,42280554,Aid package for Ukraine,Simulated
2023-04-15,USA,Military,12598072,Aid package for Ukraine,Simulated
2023-04-16,USA,Military,61392336,Aid package for Ukraine,Simulated
2023-04-17,USA,Humanitarian,45628278,Aid package for Ukraine,Simulated
2023-04-18,Canada,Humanitarian,79422005,Aid package for Ukraine,Simulated
2023-04-19,Germany,Military,83722286,Aid package for Ukraine,Simulated
2023-04-20,Germany,Financial,33410138,Aid package for Ukraine,Simulated
2023-04-21,Germany,Humanitarian,20440297,Aid package for Ukraine,Simulated
2023-04-22,France,Financial,31619251,Aid package for Ukraine,Simulated
2023-04-23,USA,Military,47161680,Aid package for Ukraine,Simulated
2023-04-24,Germany,Humanitarian,65158062,Aid package for Ukraine,Simulated
2023-04-25,Germany,Humanitarian,55522943,Aid package for Ukraine,Simulated
2023-04-26,Germany,Financial,32461309,Aid package for Ukraine,Simulated
2023-04-27,UK,Humanitarian,97755215,Aid package for Ukraine,Simulated
2023-04-28,UK,Military,68319440,Aid package for Ukraine,Simulated
2023-04-29,France,Humanitarian,76460543,Aid package for Ukraine,Simulated
2023-04-30,Germany,Humanitarian,93650123,Aid package for Ukraine,Simulated
2023-05-01,USA,Military,89151902,Aid package for Ukraine,Simulated
2023-05-02,Canada,Financial,62494704,Aid package for Ukraine,Simulated
2023-05-03,Germany,Financial,89882869,Aid package for Ukraine,Simulated
2023-05-04,UK,Financial,64729789,Aid package for Ukraine,Simulated
2023-05-05,USA,Humanitarian,68916329,Aid package for Ukraine,Simulated
2023-05-06,Canada,Military,5835449,Aid package for Ukraine,Simulated
2023-05-07,Germany,Military,6556868,Aid package for Ukraine,Simulated
2023-05-08,France,Humanitarian,70130682,Aid package for Ukraine,Simulated
2023-05-09,USA,Military,98887583,Aid package for Ukraine,Simulated
2023-05-10,France,Military,38798275,Aid package for Ukraine,Simulated
2023-05-11,Canada,Military,8100818,Aid package for Ukraine,Simulated
2023-05-12,USA,Military,22584660,Aid package for Ukraine,Simulated
2023-05-13,UK,Military,79403948,Aid package for Ukraine,Simulated
2023-05-14,UK,Financial,4747150,Aid package for Ukraine,Simulated
2023-05-15,USA,Humanitarian,62797098,Aid package for Ukraine,Simulated
2023-05-16,USA,Military,72917056,Aid package for Ukraine,Simulated
2023-05-17,Canada,Financial,34869554,Aid package for Ukraine,Simulated
2023-05-18,France,Humanitarian,17260603,Aid package for Ukraine,Simulated
2023-05-19,USA,Financial,66043967,Aid package for Ukraine,Simulated
2023-05-20,France,Financial,93178057,Aid package for Ukraine,Simulated
2023-05-21,USA,Military,87909356,Aid package for Ukraine,Simulated
2023-05-22,Germany,Military,82483464,Aid package for Ukraine,Simulated
2023-05-23,USA,Military,45832404,Aid package for Ukraine,Simulated
2023-05-24,UK,Humanitarian,9971945,Aid package for Ukraine,Simulated
2023-05-25,UK,Financial,17036333,Aid package for Ukraine,Simulated
2023-05-26,UK,Humanitarian,36058360,Aid package for Ukraine,Simulated
2023-05-27,France,Humanitarian,47396817,Aid package for Ukraine,Simulated
2023-05-28,UK,Military,57551978,Aid package for Ukraine,Simulated
2023-05-29,UK,Financial,38606638,Aid package for Ukraine,Simulated
2023-05-30,UK,Military,13554750,Aid package for Ukraine,Simulated
2023-05-31,Germany,Humanitarian,33138104,Aid package for Ukraine,Simulated
2023-06-01,Canada,Military,25503180,Aid package for Ukraine,Simulated
2023-06-02,Germany,Financial,90999190,Aid package for Ukraine,Simulated
2023-06-03,France,Military,14201034,Aid package for Ukraine,Simulated
2023-06-04,Canada,Military,90245790,Aid package for Ukraine,Simulated
2023-06-05,Canada,Military,90308797,Aid package for Ukraine,Simulated
2023-06-06,Germany,Financial,92886953,Aid package for Ukraine,Simulated
2023-06-07,France,Humanitarian,68788330,Aid package for Ukraine,Simulated
2023-06-08,France,Humanitarian,8447153,Aid package for Ukraine,Simulated
2023-06-09,France,Military,77859437,Aid package for Ukraine,Simulated
2023-06-10,Germany,Humanitarian,70462455,Aid package for Ukraine,Simulated
2023-06-11,Canada,Humanitarian,29792112,Aid package for Ukraine,Simulated
2023-06-12,UK,Humanitarian,90769072,Aid package for Ukraine,Simulated
2023-06-13,Canada,Financial,82287505,Aid package for Ukraine,Simulated
2023-06-14,France,Financial,71197424,Aid package for Ukraine,Simulated
2023-06-15,UK,Humanitarian,90719536,Aid package for Ukraine,Simulated
2023-06-16,USA,Military,3546186,Aid package for Ukraine,Simulated
2023-06-17,Germany,Humanitarian,6188974,Aid package for Ukraine,Simulated
2023-06-18,Canada,Military,44425573,Aid package for Ukraine,Simulated
2023-06-19,USA,Military,14018606,Aid package for Ukraine,Simulated
2023-06-20,USA,Humanitarian,83849119,Aid package for Ukraine,Simulated
2023-06-21,Germany,Humanitarian,98528295,Aid package for Ukraine,Simulated
2023-06-22,France,Financial,16328882,Aid package for Ukraine,Simulated
2023-06-23,UK,Humanitarian,76464210,Aid package for Ukraine,Simulated
2023-06-24,Germany,Military,13122679,Aid package for Ukraine,Simulated
2023-06-25,Germany,Humanitarian,58642582,Aid package for Ukraine,Simulated
2023-06-26,France,Military,84285768,Aid package for Ukraine,Simulated
2023-06-27,USA,Financial,45484758,Aid package for Ukraine,Simulated
2023-06-28,Germany,Financial,95643653,Aid package for Ukraine,Simulated
2023-06-29,Canada,Military,27642881,Aid package for Ukraine,Simulated
2023-06-30,Germany,Military,70749495,Aid package for Ukraine,Simulated
2023-07-01,Canada,Humanitarian,50923986,Aid package for Ukraine,Simulated
2023-07-02,Germany,Humanitarian,94054182,Aid package for Ukraine,Simulated
2023-07-03,Germany,Financial,97916118,Aid package for Ukraine,Simulated
2023-07-04,USA,Military,34112578,Aid package for Ukraine,Simulated
2023-07-05,USA,Humanitarian,12611333,Aid package for Ukraine,Simulated
2023-07-06,Canada,Military,16072929,Aid package for Ukraine,Simulated
2023-07-07,USA,Financial,83434098,Aid package for Ukraine,Simulated
2023-07-08,Canada,Financial,55396802,Aid package for Ukraine,Simulated
2023-07-09,UK,Military,38347192,Aid package for Ukraine,Simulated
2023-07-10,UK,Military,43593064,Aid package for Ukraine,Simulated
2023-07-11,Canada,Humanitarian,27803404,Aid package for Ukraine,Simulated
2023-07-12,France,Financial,59313267,Aid package for Ukraine,Simulated
2023-07-13,Canada,Military,20875687,Aid package for Ukraine,Simulated
2023-07-14,Germany,Financial,8113799,Aid package for Ukraine,Simulated
2023-07-15,Canada,Military,64039405,Aid package for Ukraine,Simulated
2023-07-16,UK,Financial,71450353,Aid package for Ukraine,Simulated
2023-07-17,France,Financial,10115663,Aid package for Ukraine,Simulated
2023-07-18,Germany,Financial,26169218,Aid package for Ukraine,Simulated
2023-07-19,Germany,Military,86404886,Aid package for Ukraine,Simulated
2023-07-20,France,Humanitarian,91435064,Aid package for Ukraine,Simulated
2023-07-21,UK,Financial,9450362,Aid package for Ukraine,Simulated
2023-07-22,Canada,Financial,49964983,Aid package for Ukraine,Simulated
2023-07-23,USA,Humanitarian,88839352,Aid package for Ukraine,Simulated
2023-07-24,France,Financial,91840304,Aid package for Ukraine,Simulated
2023-07-25,USA,Humanitarian,52711349,Aid package for Ukraine,Simulated
2023-07-26,France,Military,59979634,Aid package for Ukraine,Simulated
2023-07-27,France,Financial,14542144,Aid package for Ukraine,Simulated
2023-07-28,UK,Humanitarian,30547253,Aid package for Ukraine,Simulated
2023-07-29,Germany,Humanitarian,9311326,Aid package for Ukraine,Simulated
2023-07-30,Germany,Humanitarian,4325629,Aid package for Ukraine,Simulated
2023-07-31,France,Humanitarian,78861538,Aid package for Ukraine,Simulated
2023-08-01,Canada,Financial,81931133,Aid package for Ukraine,Simulated
2023-08-02,USA,Financial,7714137,Aid package for Ukraine,Simulated
2023-08-03,USA,Humanitarian,93170730,Aid package for Ukraine,Simulated
2023-08-04,France,Financial,46482179,Aid package for Ukraine,Simulated
2023-08-05,UK,Humanitarian,93756413,Aid package for Ukraine,Simulated
2023-08-06,UK,Financial,8775196,Aid package for Ukraine,Simulated
2023-08-07,France,Humanitarian,79295836,Aid package for Ukraine,Simulated
2023-08-08,UK,Financial,62249437,Aid package for Ukraine,Simulated
2023-08-09,UK,Military,35284800,Aid package for Ukraine,Simulated
2023-08-10,UK,Financial,11416561,Aid package for Ukraine,Simulated
2023-08-11,Germany,Financial,20503211,Aid package for Ukraine,Simulated
2023-08-12,USA,Financial,85519487,Aid package for Ukraine,Simulated
2023-08-13,USA,Military,4991478,Aid package for Ukraine,Simulated
2023-08-14,UK,Military,5896451,Aid package for Ukraine,Simulated
2023-08-15,USA,Financial,63600392,Aid package for Ukraine,Simulated
2023-08-16,Germany,Humanitarian,73450009,Aid package for Ukraine,Simulated
2023-08-17,USA,Military,5482233,Aid package for Ukraine,Simulated
2023-08-18,France,Humanitarian,84357917,Aid package for Ukraine,Simulated
2023-08-19,UK,Military,97553685,Aid package for Ukraine,Simulated
2023-08-20,Germany,Financial,20271192,Aid package for Ukraine,Simulated
2023-08-21,Canada,Financial,75646759,Aid package for Ukraine,Simulated
2023-08-22,France,Humanitarian,6185526,Aid package for Ukraine,Simulated
2023-08-23,UK,Military,22590313,Aid package for Ukraine,Simulated
2023-08-24,USA,Financial,43504589,Aid package for Ukraine,Simulated
2023-08-25,France,Financial,41429940,Aid package for Ukraine,Simulated
2023-08-26,Canada,Military,88936652,Aid package for Ukraine,Simulated
2023-08-27,Canada,Military,23613082,Aid package for Ukraine,Simulated
2023-08-28,USA,Humanitarian,73389149,Aid package for Ukraine,Simulated
2023-08-29,France,Humanitarian,45185051,Aid package for Ukraine,Simulated
2023-08-30,USA,Military,84224723,Aid package for Ukraine,Simulated
2023-08-31,Germany,Humanitarian,94369602,Aid package for Ukraine,Simulated
2023-09-01,Germany,Military,74219082,Aid package for Ukraine,Simulated
2023-09-02,Germany,Military,68901931,Aid package for Ukraine,Simulated
2023-09-03,USA,Financial,92314933,Aid package for Ukraine,Simulated
2023-09-04,Canada,Financial,74450694,Aid package for Ukraine,Simulated
2023-09-05,Canada,Humanitarian,19898102,Aid package for Ukraine,Simulated
2023-09-06,UK,Humanitarian,69603353,Aid package for Ukraine,Simulated
2023-09-07,Germany,Humanitarian,71308483,Aid package for Ukraine,Simulated
2023-09-08,Canada,Humanitarian,13216961,Aid package for Ukraine,Simulated
2023-09-09,France,Financial,15432951,Aid package for Ukraine,Simulated
2023-09-10,France,Financial,68441871,Aid package for Ukraine,Simulated
2023-09-11,USA,Military,35975933,Aid package for Ukraine,Simulated
2023-09-12,Canada,Financial,90981438,Aid package for Ukraine,Simulated
2023-09-13,France,Financial,32637375,Aid package for Ukraine,Simulated
2023-09-14,UK,Military,11014062,Aid package for Ukraine,Simulated
2023-09-15,UK,Humanitarian,46299663,Aid package for Ukraine,Simulated
2023-09-16,USA,Financial,40582184,Aid package for Ukraine,Simulated
2023-09-17,France,Military,19972080,Aid package for Ukraine,Simulated
2023-09-18,Germany,Humanitarian,94655280,Aid package for Ukraine,Simulated
2023-09-19,Germany,Humanitarian,6814172,Aid package for Ukraine,Simulated
2023-09-20,Canada,Humanitarian,5859593,Aid package for Ukraine,Simulated
2023-09-21,UK,Financial,59812739,Aid package for Ukraine,Simulated
2023-09-22,UK,Humanitarian,40444083,Aid package for Ukraine,Simulated
2023-09-23,USA,Humanitarian,19879705,Aid package for Ukraine,Simulated
2023-09-24,Germany,Financial,21654243,Aid package for Ukraine,Simulated
2023-09-25,France,Humanitarian,66473471,Aid package for Ukraine,Simulated
2023-09-26,USA,Financial,40048598,Aid package for Ukraine,Simulated
2023-09-27,UK,Financial,82464728,Aid package for Ukraine,Simulated
2023-09-28,Canada,Financial,36194161,Aid package for Ukraine,Simulated
2023-09-29,France,Financial,80514083,Aid package for Ukraine,Simulated
2023-09-30,Canada,Military,99511741,Aid package for Ukraine,Simulated
2023-10-01,Canada,Military,59546020,Aid package for Ukraine,Simulated
2023-10-02,Canada,Financial,87542569,Aid package for Ukraine,Simulated
2023-10-03,Canada,Military,79518906,Aid package for Ukraine,Simulated
2023-10-04,UK,Military,97139067,Aid package for Ukraine,Simulated
2023-10-05,Germany,Financial,37901887,Aid package for Ukraine,Simulated
2023-10-06,France,Financial,44960476,Aid package for Ukraine,Simulated
2023-10-07,UK,Financial,12834518,Aid package for Ukraine,Simulated
2023-10-08,Canada,Military,67659826,Aid package for Ukraine,Simulated
2023-10-09,France,Financial,56462115,Aid package for Ukraine,Simulated
2023-10-10,Canada,Financial,17564408,Aid package for Ukraine,Simulated
2023-10-11,UK,Military,38470218,Aid package for Ukraine,Simulated
2023-10-12,France,Humanitarian,73305026,Aid package for Ukraine,Simulated
2023-10-13,Canada,Humanitarian,74730115,Aid package for Ukraine,Simulated
2023-10-14,Germany,Humanitarian,50923517,Aid package for Ukraine,Simulated
2023-10-15,USA,Financial,23725424,Aid package for Ukraine,Simulated
2023-10-16,France,Humanitarian,14316769,Aid package for Ukraine,Simulated
2023-10-17,USA,Financial,20792938,Aid package for Ukraine,Simulated
2023-10-18,USA,Humanitarian,30260447,Aid package for Ukraine,Simulated
2023-10-19,France,Humanitarian,96532159,Aid package for Ukraine,Simulated
2023-10-20,France,Humanitarian,24169432,Aid package for Ukraine,Simulated
2023-10-21,Germany,Financial,80465204,Aid package for Ukraine,Simulated
2023-10-22,UK,Humanitarian,62534515,Aid package for Ukraine,Simulated
2023-10-23,Canada,Financial,97875324,Aid package for Ukraine,Simulated
2023-10-24,USA,Humanitarian,93478472,Aid package for Ukraine,Simulated
2023-10-25,Canada,Financial,15840655,Aid package for Ukraine,Simulated
2023-10-26,Germany,Military,59782572,Aid package for Ukraine,Simulated
2023-10-27,Canada,Humanitarian,11486886,Aid package for Ukraine,Simulated
2023-10-28,USA,Military,45121591,Aid package for Ukraine,Simulated
2023-10-29,Germany,Humanitarian,81739164,Aid package for Ukraine,Simulated
2023-10-30,Germany,Military,49733430,Aid package for Ukraine,Simulated
2023-10-31,Canada,Financial,47940289,Aid package for Ukraine,Simulated
2023-11-01,France,Military,41806547,Aid package for Ukraine,Simulated
2023-11-02,Canada,Financial,82350100,Aid package for Ukraine,Simulated
2023-11-03,Germany,Humanitarian,70577176,Aid package for Ukraine,Simulated
2023-11-04,Germany,Financial,36391808,Aid package for Ukraine,Simulated
2023-11-05,France,Humanitarian,11397693,Aid package for Ukraine,Simulated
2023-11-06,France,Humanitarian,31934661,Aid package for Ukraine,Simulated
2023-11-07,UK,Military,75964475,Aid package for Ukraine,Simulated
2023-11-08,Canada,Financial,8309772,Aid package for Ukraine,Simulated
2023-11-09,France,Financial,63778832,Aid package for Ukraine,Simulated
2023-11-10,France,Financial,69488104,Aid package for Ukraine,Simulated
2023-11-11,USA,Military,81709852,Aid package for Ukraine,Simulated
2023-11-12,UK,Humanitarian,90744608,Aid package for Ukraine,Simulated
2023-11-13,France,Humanitarian,21723991,Aid package for Ukraine,Simulated
2023-11-14,USA,Military,35173157,Aid package for Ukraine,Simulated
2023-11-15,Canada,Financial,43884498,Aid package for Ukraine,Simulated
2023-11-16,France,Military,71947522,Aid package for Ukraine,Simulated
2023-11-17,UK,Military,65183997,Aid package for Ukraine,Simulated
2023-11-18,USA,Humanitarian,73356412,Aid package for Ukraine,Simulated
2023-11-19,Germany,Humanitarian,46730862,Aid package for Ukraine,Simulated
2023-11-20,USA,Financial,14372515,Aid package for Ukraine,Simulated
2023-11-21,France,Financial,94980742,Aid package for Ukraine,Simulated
2023-11-22,USA,Humanitarian,74301133,Aid package for Ukraine,Simulated
2023-11-23,Germany,Military,85044009,Aid package for Ukraine,Simulated
2023-11-24,UK,Military,58022563,Aid package for Ukraine,Simulated
2023-11-25,Germany,Financial,53266482,Aid package for Ukraine,Simulated
2023-11-26,UK,Financial,89675653,Aid package for Ukraine,Simulated
2023-11-27,France,Financial,86052413,Aid package for Ukraine,Simulated
2023-11-28,UK,Military,95523101,Aid package for Ukraine,Simulated
2023-11-29,Canada,Humanitarian,84349504,Aid package for Ukraine,Simulated
2023-11-30,USA,Humanitarian,26632506,Aid package for Ukraine,Simulated
2023-12-01,UK,Humanitarian,5413768,Aid package for Ukraine,Simulated
2023-12-02,Germany,Military,42634240,Aid package for Ukraine,Simulated
2023-12-03,USA,Financial,2998493,Aid package for Ukraine,Simulated
2023-12-04,Germany,Humanitarian,33952917,Aid package for Ukraine,Simulated
2023-12-05,France,Financial,45467773,Aid package for Ukraine,Simulated
2023-12-06,UK,Military,4608236,Aid package for Ukraine,Simulated
2023-12-07,UK,Financial,92652543,Aid package for Ukraine,Simulated
2023-12-08,Canada,Military,4487524,Aid package for Ukraine,Simulated
2023-12-09,France,Financial,45539416,Aid package for Ukraine,Simulated
2023-12-10,France,Military,39471740,Aid package for Ukraine,Simulated
2023-12-11,USA,Humanitarian,97485837,Aid package for Ukraine,Simulated
2023-12-12,Canada,Humanitarian,35187769,Aid package for Ukraine,Simulated
2023-12-13,Canada,Humanitarian,84286200,Aid package for Ukraine,Simulated
2023-12-14,France,Military,8199355,Aid package for Ukraine,Simulated
2023-12-15,Canada,Humanitarian,80345546,Aid package for Ukraine,Simulated
2023-12-16,USA,Financial,85740676,Aid package for Ukraine,Simulated
2023-12-17,USA,Military,55345602,Aid package for Ukraine,Simulated
2023-12-18,Germany,Financial,12097492,Aid package for Ukraine,Simulated
2023-12-19,Germany,Humanitarian,40874761,Aid package for Ukraine,Simulated
2023-12-20,France,Military,38363833,Aid package for Ukraine,Simulated
2023-12-21,UK,Financial,34708734,Aid package for Ukraine,Simulated
2023-12-22,USA,Military,41262410,Aid package for Ukraine,Simulated
2023-12-23,UK,Financial,97363927,Aid package for Ukraine,Simulated
2023-12-24,Germany,Military,74545103,Aid package for Ukraine,Simulated
2023-12-25,UK,Financial,37409495,Aid package for Ukraine,Simulated
2023-12-26,Canada,Financial,5680260,Aid package for Ukraine,Simulated
2023-12-27,France,Humanitarian,14168722,Aid package for Ukraine,Simulated
2023-12-28,UK,Financial,14985959,Aid package for Ukraine,Simulated
2023-12-29,UK,Humanitarian,83261900,Aid package for Ukraine,Simulated
2023-12-30,Germany,Financial,95850436,Aid package for Ukraine,Simulated
2023-12-31,USA,Military,6681154,Aid package for Ukraine,Simulated
2024-01-01,Canada,Financial,85286496,Aid package for Ukraine,Simulated
2024-01-02,USA,Financial,27403074,Aid package for Ukraine,Simulated
2024-01-03,UK,Financial,24318242,Aid package for Ukraine,Simulated
2024-01-04,Canada,Military,48122418,Aid package for Ukraine,Simulated
2024-01-05,Canada,Humanitarian,98906498,Aid package for Ukraine,Simulated
2024-01-06,USA,Humanitarian,47503949,Aid package for Ukraine,Simulated
2024-01-07,USA,Military,66660327,Aid package for Ukraine,Simulated
2024-01-08,UK,Military,84246237,Aid package for Ukraine,Simulated
2024-01-09,Canada,Humanitarian,25450006,Aid package for Ukraine,Simulated
2024-01-10,UK,Humanitarian,24212749,Aid package for Ukraine,Simulated
2024-01-11,France,Military,78048235,Aid package for Ukraine,Simulated
2024-01-12,Canada,Financial,96870859,Aid package for Ukraine,Simulated
2024-01-13,UK,Military,43967775,Aid package for Ukraine,Simulated
2024-01-14,Canada,Humanitarian,52627341,Aid package for Ukraine,Simulated
2024-01-15,Canada,Humanitarian,1397870,Aid package for Ukraine,Simulated
2024-01-16,USA,Military,12861428,Aid package for Ukraine,Simulated
2024-01-17,France,Military,20252226,Aid package for Ukraine,Simulated
2024-01-18,USA,Humanitarian,92621225,Aid package for Ukraine,Simulated
2024-01-19,USA,Military,12694721,Aid package for Ukraine,Simulated
2024-01-20,UK,Humanitarian,43444332,Aid package for Ukraine,Simulated
2024-01-21,USA,Military,2892985,Aid package for Ukraine,Simulated
2024-01-22,UK,Military,85315225,Aid package for Ukraine,Simulated
2024-01-23,Germany,Financial,49463907,Aid package for Ukraine,Simulated
2024-01-24,Canada,Financial,62522863,Aid package for Ukraine,Simulated
2024-01-25,USA,Financial,29732558,Aid package for Ukraine,Simulated
2024-01-26,UK,Military,8210904,Aid package for Ukraine,Simulated
2024-01-27,Canada,Humanitarian,15222796,Aid package for Ukraine,Simulated
2024-01-28,Canada,Military,52010378,Aid package for Ukraine,Simulated
2024-01-29,France,Humanitarian,85076952,Aid package for Ukraine,Simulated
2024-01-30,UK,Military,25322503,Aid package for Ukraine,Simulated
2024-01-31,Germany,Financial,80158634,Aid package for Ukraine,Simulated
2024-02-01,France,Humanitarian,24634009,Aid package for Ukraine,Simulated
2024-02-02,USA,Financial,14268161,Aid package for Ukraine,Simulated
2024-02-03,France,Financial,49192477,Aid package for Ukraine,Simulated
2024-02-04,France,Humanitarian,38425092,Aid package for Ukraine,Simulated
2024-02-05,Canada,Humanitarian,35001165,Aid package for Ukraine,Simulated
2024-02-06,USA,Humanitarian,95345859,Aid package for Ukraine,Simulated
2024-02-07,USA,Humanitarian,83359742,Aid package for Ukraine,Simulated
2024-02-08,France,Financial,24688332,Aid package for Ukraine,Simulated
2024-02-09,Canada,Military,49387243,Aid package for Ukraine,Simulated
2024-02-10,USA,Military,18740300,Aid package for Ukraine,Simulated
2024-02-11,Germany,Financial,77787437,Aid package for Ukraine,Simulated
2024-02-12,Germany,Military,78589648,Aid package for Ukraine,Simulated
2024-02-13,France,Financial,56557847,Aid package for Ukraine,Simulated
2024-02-14,Canada,Military,67941380,Aid package for Ukraine,Simulated
2024-02-15,Canada,Humanitarian,19537346,Aid package for Ukraine,Simulated
2024-02-16,France,Humanitarian,65268291,Aid package for Ukraine,Simulated
2024-02-17,UK,Financial,96419606,Aid package for Ukraine,Simulated
2024-02-18,France,Military,64362401,Aid package for Ukraine,Simulated
2024-02-19,Canada,Financial,95746300,Aid package for Ukraine,Simulated
2024-02-20,Canada,Humanitarian,20684740,Aid package for Ukraine,Simulated
2024-02-21,France,Financial,16624730,Aid package for Ukraine,Simulated
2024-02-22,USA,Humanitarian,9254540,Aid package for Ukraine,Simulated
2024-02-23,UK,Humanitarian,6256956,Aid package for Ukraine,Simulated
2024-02-24,Canada,Humanitarian,38950604,Aid package for Ukraine,Simulated
2024-02-25,Germany,Military,83469226,Aid package for Ukraine,Simulated
2024-02-26,France,Financial,70104962,Aid package for Ukraine,Simulated
2024-02-27,UK,Military,8088147,Aid package for Ukraine,Simulated
2024-02-28,UK,Financial,72915960,Aid package for Ukraine,Simulated
2024-02-29,Germany,Financial,67861025,Aid package for Ukraine,Simulated
2024-03-01,UK,Military,81776516,Aid package for Ukraine,Simulated
2024-03-02,France,Military,34738274,Aid package for Ukraine,Simulated
2024-03-03,Germany,Military,50030124,Aid package for Ukraine,Simulated
2024-03-04,Germany,Military,60071447,Aid package for Ukraine,Simulated
2024-03-05,Canada,Financial,6502349,Aid package for Ukraine,Simulated
2024-03-06,Canada,Military,23399286,Aid package for Ukraine,Simulated
2024-03-07,Germany,Military,55966909,Aid package for Ukraine,Simulated
2024-03-08,France,Humanitarian,17607183,Aid package for Ukraine,Simulated
2024-03-09,UK,Military,29736419,Aid package for Ukraine,Simulated
2024-03-10,Germany,Military,42464078,Aid package for Ukraine,Simulated
2024-03-11,France,Humanitarian,58382996,Aid package for Ukraine,Simulated
2024-03-12,Canada,Military,24206350,Aid package for Ukraine,Simulated
2024-03-13,Germany,Military,6081492,Aid package for Ukraine,Simulated
2024-03-14,France,Humanitarian,77396016,Aid package for Ukraine,Simulated
2024-03-15,USA,Financial,16654844,Aid package for Ukraine,Simulated
2024-03-16,France,Humanitarian,36309598,Aid package for Ukraine,Simulated
2024-03-17,Canada,Humanitarian,64723765,Aid package for Ukraine,Simulated
2024-03-18,USA,Military,79310947,Aid package for Ukraine,Simulated
2024-03-19,France,Financial,91888957,Aid package for Ukraine,Simulated
2024-03-20,USA,Financial,18879889,Aid package for Ukraine,Simulated
2024-03-21,Germany,Financial,54002766,Aid package for Ukraine,Simulated
2024-03-22,Canada,Humanitarian,85809508,Aid package for Ukraine,Simulated
2024-03-23,Canada,Military,26193490,Aid package for Ukraine,Simulated
2024-03-24,Canada,Financial,72204033,Aid package for Ukraine,Simulated
2024-03-25,UK,Humanitarian,37203023,Aid package for Ukraine,Simulated
2024-03-26,Germany,Military,36651448,Aid package for Ukraine,Simulated
2024-03-27,USA,Financial,68226171,Aid package for Ukraine,Simulated
2024-03-28,USA,Humanitarian,67994550,Aid package for Ukraine,Simulated
2024-03-29,Germany,Financial,63419428,Aid package for Ukraine,Simulated
2024-03-30,UK,Financial,59731036,Aid package for Ukraine,Simulated
2024-03-31,USA,Humanitarian,83682232,Aid package for Ukraine,Simulated
2024-04-01,France,Military,99925383,Aid package for Ukraine,Simulated
2024-04-02,Germany,Humanitarian,56623975,Aid package for Ukraine,Simulated
2024-04-03,France,Military,91258848,Aid package for Ukraine,Simulated
2024-04-04,France,Humanitarian,75553914,Aid package for Ukraine,Simulated
2024-04-05,Canada,Military,16927603,Aid package for Ukraine,Simulated
2024-04-06,France,Humanitarian,28905062,Aid package for Ukraine,Simulated
2024-04-07,France,Financial,12241417,Aid package for Ukraine,Simulated
2024-04-08,Canada,Financial,54449860,Aid package for Ukraine,Simulated
2024-04-09,Canada,Humanitarian,46045556,Aid package for Ukraine,Simulated
2024-04-10,USA,Humanitarian,17948672,Aid package for Ukraine,Simulated
2024-04-11,France,Financial,52006605,Aid package for Ukraine,Simulated
2024-04-12,UK,Humanitarian,44746002,Aid package for Ukraine,Simulated
2024-04-13,Canada,Humanitarian,20572238,Aid package for Ukraine,Simulated
2024-04-14,Canada,Humanitarian,15960799,Aid package for Ukraine,Simulated
2024-04-15,Canada,Military,99500265,Aid package for Ukraine,Simulated
2024-04-16,USA,Military,69033603,Aid package for Ukraine,Simulated
2024-04-17,France,Financial,68540606,Aid package for Ukraine,Simulated
2024-04-18,Canada,Financial,13497004,Aid package for Ukraine,Simulated
2024-04-19,UK,Financial,25495227,Aid package for Ukraine,Simulated
2024-04-20,France,Military,84997398,Aid package for Ukraine,Simulated
2024-04-21,Germany,Financial,80935589,Aid package for Ukraine,Simulated
2024-04-22,Germany,Humanitarian,81192998,Aid package for Ukraine,Simulated
2024-04-23,USA,Financial,52121281,Aid package for Ukraine,Simulated
2024-04-24,UK,Military,71394914,Aid package for Ukraine,Simulated
2024-04-25,France,Humanitarian,75208516,Aid package for Ukraine,Simulated
2024-04-26,UK,Financial,12631432,Aid package for Ukraine,Simulated
2024-04-27,France,Military,88396238,Aid package for Ukraine,Simulated
2024-04-28,USA,Financial,31979330,Aid package for Ukraine,Simulated
2024-04-29,Canada,Humanitarian,89949957,Aid package for Ukraine,Simulated
2024-04-30,UK,Humanitarian,25828485,Aid package for Ukraine,Simulated
2024-05-01,Germany,Financial,76921942,Aid package for Ukraine,Simulated
2024-05-02,Canada,Financial,22233968,Aid package for Ukraine,Simulated
2024-05-03,USA,Military,27367173,Aid package for Ukraine,Simulated
2024-05-04,UK,Humanitarian,16147815,Aid package for Ukraine,Simulated
2024-05-05,Canada,Humanitarian,42500624,Aid package for Ukraine,Simulated
2024-05-06,Germany,Financial,32270859,Aid package for Ukraine,Simulated
2024-05-07,UK,Military,93080545,Aid package for Ukraine,Simulated
2024-05-08,UK,Humanitarian,72880080,Aid package for Ukraine,Simulated
2024-05-09,Canada,Military,93679978,Aid package for Ukraine,Simulated
2024-05-10,USA,Military,44566314,Aid package for Ukraine,Simulated
2024-05-11,France,Financial,95625733,Aid package for Ukraine,Simulated
2024-05-12,Canada,Military,95133081,Aid package for Ukraine,Simulated
2024-05-13,UK,Military,54309597,Aid package for Ukraine,Simulated
2024-05-14,Canada,Military,16764124,Aid package for Ukraine,Simulated
2024-05-15,Canada,Military,20661415,Aid package for Ukraine,Simulated
2024-05-16,France,Military,14870540,Aid package for Ukraine,Simulated
2024-05-17,UK,Financial,30657301,Aid package for Ukraine,Simulated
2024-05-18,UK,Military,48610839,Aid package for Ukraine,Simulated
2024-05-19,Germany,Humanitarian,26668989,Aid package for Ukraine,Simulated
2024-05-20,France,Humanitarian,3422220,Aid package for Ukraine,Simulated
2024-05-21,UK,Military,31425194,Aid package for Ukraine,Simulated
2024-05-22,Canada,Military,14780342,Aid package for Ukraine,Simulated
2024-05-23,France,Humanitarian,75945704,Aid package for Ukraine,Simulated
2024-05-24,Germany,Financial,12929328,Aid package for Ukraine,Simulated
2024-05-25,UK,Humanitarian,31037407,Aid package for Ukraine,Simulated
2024-05-26,UK,Financial,77700860,Aid package for Ukraine,Simulated
2024-05-27,USA,Humanitarian,18129036,Aid package for Ukraine,Simulated
2024-05-28,France,Military,27997956,Aid package for Ukraine,Simulated
2024-05-29,Germany,Humanitarian,42274756,Aid package for Ukraine,Simulated
2024-05-30,Germany,Humanitarian,2842156,Aid package for Ukraine,Simulated
2024-05-31,Canada,Financial,17474522,Aid package for Ukraine,Simulated
2024-06-01,UK,Financial,69774187,Aid package for Ukraine,Simulated
2024-06-02,France,Humanitarian,96943620,Aid package for Ukraine,Simulated
2024-06-03,Canada,Humanitarian,53785492,Aid package for Ukraine,Simulated
2024-06-04,UK,Financial,46904725,Aid package for Ukraine,Simulated
2024-06-05,Germany,Military,93527314,Aid package for Ukraine,Simulated
2024-06-06,Germany,Financial,17579882,Aid package for Ukraine,Simulated
2024-06-07,Canada,Financial,13488563,Aid package for Ukraine,Simulated
2024-06-08,Canada,Financial,89452049,Aid package for Ukraine,Simulated
2024-06-09,UK,Financial,28578145,Aid package for Ukraine,Simulated
2024-06-10,Canada,Humanitarian,2710209,Aid package for Ukraine,Simulated
2024-06-11,UK,Humanitarian,34600349,Aid package for Ukraine,Simulated
2024-06-12,France,Military,10057832,Aid package for Ukraine,Simulated
2024-06-13,France,Military,37834341,Aid package for Ukraine,Simulated
2024-06-14,France,Financial,78191338,Aid package for Ukraine,Simulated
2024-06-15,France,Financial,37688644,Aid package for Ukraine,Simulated
2024-06-16,Germany,Humanitarian,50256890,Aid package for Ukraine,Simulated
2024-06-17,France,Humanitarian,31162525,Aid package for Ukraine,Simulated
2024-06-18,UK,Financial,72842897,Aid package for Ukraine,Simulated
2024-06-19,USA,Humanitarian,72639413,Aid package for Ukraine,Simulated
2024-06-20,USA,Humanitarian,90892124,Aid package for Ukraine,Simulated
2024-06-21,Germany,Military,75596037,Aid package for Ukraine,Simulated
2024-06-22,Germany,Humanitarian,50144539,Aid package for Ukraine,Simulated
2024-06-23,Canada,Financial,78166211,Aid package for Ukraine,Simulated
2024-06-24,UK,Military,32389468,Aid package for Ukraine,Simulated
2024-06-25,France,Financial,98697583,Aid package for Ukraine,Simulated
2024-06-26,Germany,Humanitarian,26455609,Aid package for Ukraine,Simulated
2024-06-27,UK,Financial,44530291,Aid package for Ukraine,Simulated
2024-06-28,Germany,Financial,63924150,Aid package for Ukraine,Simulated
2024-06-29,Canada,Financial,58427504,Aid package for Ukraine,Simulated
2024-06-30,France,Humanitarian,81121011,Aid package for Ukraine,Simulated
2024-07-01,UK,Military,82873432,Aid package for Ukraine,Simulated
2024-07-02,USA,Humanitarian,74458758,Aid package for Ukraine,Simulated
2024-07-03,USA,Financial,24040930,Aid package for Ukraine,Simulated
2024-07-04,UK,Military,90064387,Aid package for Ukraine,Simulated
2024-07-05,Germany,Military,7669386,Aid package for Ukraine,Simulated
2024-07-06,UK,Military,3259197,Aid package for Ukraine,Simulated
2024-07-07,USA,Military,11305306,Aid package for Ukraine,Simulated
2024-07-08,Canada,Humanitarian,69970686,Aid package for Ukraine,Simulated
2024-07-09,France,Financial,46209546,Aid package for Ukraine,Simulated
2024-07-10,Canada,Humanitarian,70167065,Aid package for Ukraine,Simulated
2024-07-11,UK,Humanitarian,93449522,Aid package for Ukraine,Simulated
2024-07-12,UK,Military,51817498,Aid package for Ukraine,Simulated
2024-07-13,Canada,Financial,72050443,Aid package for Ukraine,Simulated
2024-07-14,UK,Humanitarian,14579567,Aid package for Ukraine,Simulated
2024-07-15,USA,Humanitarian,99988020,Aid package for Ukraine,Simulated
2024-07-16,USA,Humanitarian,73626374,Aid package for Ukraine,Simulated
2024-07-17,UK,Financial,69619224,Aid package for Ukraine,Simulated
2024-07-18,UK,Financial,51686282,Aid package for Ukraine,Simulated
2024-07-19,Canada,Humanitarian,40241979,Aid package for Ukraine,Simulated
2024-07-20,USA,Military,7201012,Aid package for Ukraine,Simulated
2024-07-21,Germany,Military,23677804,Aid package for Ukraine,Simulated
2024-07-22,France,Financial,37971395,Aid package for Ukraine,Simulated
2024-07-23,UK,Humanitarian,16619622,Aid package for Ukraine,Simulated
2024-07-24,USA,Military,19539675,Aid package for Ukraine,Simulated
2024-07-25,France,Military,98274684,Aid package for Ukraine,Simulated
2024-07-26,UK,Humanitarian,42045708,Aid package for Ukraine,Simulated
2024-07-27,USA,Military,97017366,Aid package for Ukraine,Simulated
2024-07-28,Canada,Financial,35095684,Aid package for Ukraine,Simulated
2024-07-29,UK,Military,21768005,Aid package for Ukraine,Simulated
2024-07-30,UK,Humanitarian,57597945,Aid package for Ukraine,Simulated
2024-07-31,France,Humanitarian,35090902,Aid package for Ukraine,Simulated
2024-08-01,UK,Military,32404549,Aid package for Ukraine,Simulated
2024-08-02,France,Financial,34728502,Aid package for Ukraine,Simulated
2024-08-03,USA,Military,28091732,Aid package for Ukraine,Simulated
2024-08-04,Canada,Humanitarian,35068949,Aid package for Ukraine,Simulated
2024-08-05,USA,Humanitarian,11688141,Aid package for Ukraine,Simulated
2024-08-06,UK,Financial,96462733,Aid package for Ukraine,Simulated
2024-08-07,France,Humanitarian,75416407,Aid package for Ukraine,Simulated
2024-08-08,UK,Military,25445524,Aid package for Ukraine,Simulated
2024-08-09,UK,Financial,81560056,Aid package for Ukraine,Simulated
2024-08-10,France,Humanitarian,6830557,Aid package for Ukraine,Simulated
2024-08-11,France,Military,70304922,Aid package for Ukraine,Simulated
2024-08-12,Canada,Humanitarian,3734700,Aid package for Ukraine,Simulated
2024-08-13,France,Humanitarian,50395243,Aid package for Ukraine,Simulated
2024-08-14,USA,Financial,80541636,Aid package for Ukraine,Simulated
2024-08-15,France,Financial,4482959,Aid package for Ukraine,Simulated
2024-08-16,Canada,Financial,42456303,Aid package for Ukraine,Simulated
2024-08-17,Canada,Humanitarian,49470234,Aid package for Ukraine,Simulated
2024-08-18,France,Financial,8592412,Aid package for Ukraine,Simulated
2024-08-19,USA,Financial,62520726,Aid package for Ukraine,Simulated
2024-08-20,Germany,Humanitarian,94358007,Aid package for Ukraine,Simulated
2024-08-21,USA,Humanitarian,71861659,Aid package for Ukraine,Simulated
2024-08-22,Germany,Military,94599990,Aid package for Ukraine,Simulated
2024-08-23,France,Military,79853360,Aid package for Ukraine,Simulated
2024-08-24,Germany,Military,8447104,Aid package for Ukraine,Simulated
2024-08-25,France,Financial,7697788,Aid package for Ukraine,Simulated
2024-08-26,USA,Humanitarian,7610478,Aid package for Ukraine,Simulated
2024-08-27,USA,Financial,90465038,Aid package for Ukraine,Simulated
2024-08-28,Canada,Humanitarian,22782689,Aid package for Ukraine,Simulated
2024-08-29,France,Humanitarian,46190910,Aid package for Ukraine,Simulated
2024-08-30,UK,Humanitarian,75609389,Aid package for Ukraine,Simulated
2024-08-31,France,Military,82390443,Aid package for Ukraine,Simulated
2024-09-01,Canada,Humanitarian,46067198,Aid package for Ukraine,Simulated
2024-09-02,Germany,Financial,43256901,Aid package for Ukraine,Simulated
2024-09-03,Canada,Financial,55095096,Aid package for Ukraine,Simulated
2024-09-04,USA,Military,55157927,Aid package for Ukraine,Simulated
2024-09-05,Canada,Military,60592899,Aid package for Ukraine,Simulated
2024-09-06,France,Financial,82730235,Aid package for Ukraine,Simulated
2024-09-07,USA,Humanitarian,72959314,Aid package for Ukraine,Simulated
2024-09-08,France,Military,49152496,Aid package for Ukraine,Simulated
2024-09-09,USA,Financial,37512607,Aid package for Ukraine,Simulated
2024-09-10,Canada,Financial,12312357,Aid package for Ukraine,Simulated
2024-09-11,USA,Financial,52039149,Aid package for Ukraine,Simulated
2024-09-12,Canada,Military,28866664,Aid package for Ukraine,Simulated
2024-09-13,USA,Military,99024415,Aid package for Ukraine,Simulated
2024-09-14,USA,Humanitarian,41189987,Aid package for Ukraine,Simulated
2024-09-15,Germany,Financial,79834048,Aid package for Ukraine,Simulated
2024-09-16,Canada,Military,15720301,Aid package for Ukraine,Simulated
2024-09-17,UK,Humanitarian,53364911,Aid package for Ukraine,Simulated
2024-09-18,Canada,Humanitarian,47022498,Aid package for Ukraine,Simulated
2024-09-19,UK,Financial,18202297,Aid package for Ukraine,Simulated
2024-09-20,USA,Financial,54080891,Aid package for Ukraine,Simulated
2024-09-21,Canada,Military,35343156,Aid package for Ukraine,Simulated
2024-09-22,Canada,Humanitarian,11235511,Aid package for Ukraine,Simulated
2024-09-23,France,Financial,26680486,Aid package for Ukraine,Simulated
2024-09-24,France,Financial,95096157,Aid package for Ukraine,Simulated
2024-09-25,Canada,Humanitarian,35709761,Aid package for Ukraine,Simulated
2024-09-26,Germany,Financial,48041962,Aid package for Ukraine,Simulated
2024-09-27,Germany,Humanitarian,13450448,Aid package for Ukraine,Simulated
2024-09-28,USA,Financial,12705910,Aid package for Ukraine,Simulated
2024-09-29,France,Financial,90409890,Aid package for Ukraine,Simulated
2024-09-30,Germany,Financial,55628688,Aid package for Ukraine,Simulated
2024-10-01,UK,Financial,47629156,Aid package for Ukraine,Simulated
2024-10-02,UK,Humanitarian,92596635,Aid package for Ukraine,Simulated
2024-10-03,USA,Military,13080501,Aid package for Ukraine,Simulated
2024-10-04,Germany,Military,70272318,Aid package for Ukraine,Simulated
2024-10-05,Germany,Financial,88322705,Aid package for Ukraine,Simulated
2024-10-06,UK,Humanitarian,99597066,Aid package for Ukraine,Simulated
2024-10-07,USA,Humanitarian,33510153,Aid package for Ukraine,Simulated
2024-10-08,UK,Financial,35639168,Aid package for Ukraine,Simulated
2024-10-09,France,Humanitarian,96943013,Aid package for Ukraine,Simulated
2024-10-10,Canada,Military,85659831,Aid package for Ukraine,Simulated
2024-10-11,Canada,Military,87026143,Aid package for Ukraine,Simulated
2024-10-12,USA,Financial,38047416,Aid package for Ukraine,Simulated
2024-10-13,Germany,Military,11876724,Aid package for Ukraine,Simulated
2024-10-14,Germany,Financial,42057931,Aid package for Ukraine,Simulated
2024-10-15,Canada,Financial,34275052,Aid package for Ukraine,Simulated
2024-10-16,France,Humanitarian,24963069,Aid package for Ukraine,Simulated
2024-10-17,France,Financial,13260887,Aid package for Ukraine,Simulated
2024-10-18,France,Financial,96703258,Aid package for Ukraine,Simulated
2024-10-19,Canada,Financial,68961450,Aid package for Ukraine,Simulated
2024-10-20,USA,Humanitarian,89158952,Aid package for Ukraine,Simulated
2024-10-21,Germany,Financial,68726951,Aid package for Ukraine,Simulated
2024-10-22,France,Military,62996324,Aid package for Ukraine,Simulated
2024-10-23,UK,Military,63951674,Aid package for Ukraine,Simulated
2024-10-24,UK,Humanitarian,63214504,Aid package for Ukraine,Simulated
2024-10-25,Canada,Military,61250667,Aid package for Ukraine,Simulated
2024-10-26,USA,Military,72183195,Aid package for Ukraine,Simulated
2024-10-27,USA,Humanitarian,47693721,Aid package for Ukraine,Simulated
2024-10-28,Germany,Financial,61862497,Aid package for Ukraine,Simulated
2024-10-29,France,Military,81189871,Aid package for Ukraine,Simulated
2024-10-30,Canada,Humanitarian,78997267,Aid package for Ukraine,Simulated
2024-10-31,UK,Financial,79301661,Aid package for Ukraine,Simulated
2024-11-01,USA,Financial,98384450,Aid package for Ukraine,Simulated
2024-11-02,Canada,Military,37257649,Aid package for Ukraine,Simulated
2024-11-03,Canada,Humanitarian,78209503,Aid package for Ukraine,Simulated
2024-11-04,Germany,Humanitarian,4998469,Aid package for Ukraine,Simulated
2024-11-05,UK,Humanitarian,70530828,Aid package for Ukraine,Simulated
2024-11-06,UK,Military,13997110,Aid package for Ukraine,Simulated
2024-11-07,Canada,Humanitarian,10048049,Aid package for Ukraine,Simulated
2024-11-08,Canada,Financial,15238216,Aid package for Ukraine,Simulated
2024-11-09,Canada,Humanitarian,67007177,Aid package for Ukraine,Simulated
2024-11-10,Germany,Military,84356586,Aid package for Ukraine,Simulated
2024-11-11,Germany,Humanitarian,78721779,Aid package for Ukraine,Simulated
2024-11-12,USA,Military,22889526,Aid package for Ukraine,Simulated
2024-11-13,Germany,Military,90252471,Aid package for Ukraine,Simulated
2024-11-14,France,Humanitarian,47442031,Aid package for Ukraine,Simulated
2024-11-15,USA,Financial,46401471,Aid package for Ukraine,Simulated
2024-11-16,UK,Military,18866295,Aid package for Ukraine,Simulated
2024-11-17,Canada,Humanitarian,30890965,Aid package for Ukraine,Simulated
2024-11-18,Germany,Financial,64855769,Aid package for Ukraine,Simulated
2024-11-19,USA,Humanitarian,63360218,Aid package for Ukraine,Simulated
2024-11-20,UK,Humanitarian,99398164,Aid package for Ukraine,Simulated
2024-11-21,UK,Military,58762014,Aid package for Ukraine,Simulated
2024-11-22,USA,Military,87575019,Aid package for Ukraine,Simulated
2024-11-23,USA,Military,68697420,Aid package for Ukraine,Simulated
2024-11-24,UK,Financial,98763417,Aid package for Ukraine,Simulated
2024-11-25,Germany,Military,76817903,Aid package for Ukraine,Simulated
2024-11-26,UK,Military,32142091,Aid package for Ukraine,Simulated
2024-11-27,Canada,Military,49339688,Aid package for Ukraine,Simulated
2024-11-28,UK,Military,83134173,Aid package for Ukraine,Simulated
2024-11-29,Germany,Military,2712674,Aid package for Ukraine,Simulated
2024-11-30,USA,Military,85117099,Aid package for Ukraine,Simulated
2024-12-01,UK,Financial,28172575,Aid package for Ukraine,Simulated
2024-12-02,UK,Humanitarian,82730265,Aid package for Ukraine,Simulated
2024-12-03,Germany,Humanitarian,87500355,Aid package for Ukraine,Simulated
2024-12-04,UK,Military,86869978,Aid package for Ukraine,Simulated
2024-12-05,UK,Financial,39936577,Aid package for Ukraine,Simulated
2024-12-06,Germany,Financial,59872937,Aid package for Ukraine,Simulated
2024-12-07,USA,Military,2390768,Aid package for Ukraine,Simulated
2024-12-08,UK,Humanitarian,71211846,Aid package for Ukraine,Simulated
2024-12-09,Canada,Humanitarian,6271313,Aid package for Ukraine,Simulated
2024-12-10,Canada,Military,48714569,Aid package for Ukraine,Simulated
2024-12-11,USA,Humanitarian,85503317,Aid package for Ukraine,Simulated
2024-12-12,Canada,Humanitarian,30420825,Aid package for Ukraine,Simulated
2024-12-13,Canada,Humanitarian,29686116,Aid package for Ukraine,Simulated
2024-12-14,UK,Financial,96069310,Aid package for Ukraine,Simulated
2024-12-15,France,Financial,51685333,Aid package for Ukraine,Simulated
2024-12-16,Canada,Military,37104119,Aid package for Ukraine,Simulated
2024-12-17,France,Humanitarian,41687939,Aid package for Ukraine,Simulated
2024-12-18,Germany,Financial,78303467,Aid package for Ukraine,Simulated
2024-12-19,France,Humanitarian,37627404,Aid package for Ukraine,Simulated
2024-12-20,France,Financial,16159873,Aid package for Ukraine,Simulated
2024-12-21,Germany,Financial,3701728,Aid package for Ukraine,Simulated
2024-12-22,France,Financial,46251245,Aid package for Ukraine,Simulated
2024-12-23,Canada,Financial,7992013,Aid package for Ukraine,Simulated
2024-12-24,UK,Financial,91702400,Aid package for Ukraine,Simulated
2024-12-25,Canada,Humanitarian,82072700,Aid package for Ukraine,Simulated
2024-12-26,Canada,Military,15446922,Aid package for Ukraine,Simulated
2024-12-27,Canada,Financial,37733937,Aid package for Ukraine,Simulated
2024-12-28,Germany,Military,48281545,Aid package for Ukraine,Simulated
2024-12-29,Canada,Military,33487066,Aid package for Ukraine,Simulated
2024-12-30,Germany,Military,78347674,Aid package for Ukraine,Simulated
2024-12-31,UK,Humanitarian,75299197,Aid package for Ukraine,Simulated
2025-01-01,USA,Military,24464769,Aid package for Ukraine,Simulated
2025-01-02,UK,Military,70776202,Aid package for Ukraine,Simulated
2025-01-03,France,Humanitarian,78933728,Aid package for Ukraine,Simulated
2025-01-04,Germany,Financial,44340459,Aid package for Ukraine,Simulated
2025-01-05,France,Financial,63818471,Aid package for Ukraine,Simulated
2025-01-06,UK,Humanitarian,69570192,Aid package for Ukraine,Simulated
2025-01-07,France,Military,76383100,Aid package for Ukraine,Simulated
2025-01-08,Canada,Military,27260900,Aid package for Ukraine,Simulated
2025-01-09,UK,Humanitarian,71151219,Aid package for Ukraine,Simulated
2025-01-10,France,Financial,14654733,Aid package for Ukraine,Simulated
2025-01-11,Canada,Military,28576356,Aid package for Ukraine,Simulated
2025-01-12,UK,Financial,29848291,Aid package for Ukraine,Simulated
2025-01-13,France,Military,17105180,Aid package for Ukraine,Simulated
2025-01-14,Canada,Humanitarian,28081934,Aid package for Ukraine,Simulated
2025-01-15,Canada,Humanitarian,66141999,Aid package for Ukraine,Simulated
2025-01-16,Germany,Military,90441432,Aid package for Ukraine,Simulated
2025-01-17,UK,Humanitarian,5288525,Aid package for Ukraine,Simulated
2025-01-18,USA,Military,56622384,Aid package for Ukraine,Simulated
2025-01-19,Germany,Financial,18145803,Aid package for Ukraine,Simulated
2025-01-20,UK,Humanitarian,67473901,Aid package for Ukraine,Simulated
2025-01-21,Canada,Military,33303827,Aid package for Ukraine,Simulated
2025-01-22,Germany,Humanitarian,90069146,Aid package for Ukraine,Simulated
2025-01-23,Germany,Military,60666401,Aid package for Ukraine,Simulated
2025-01-24,Canada,Financial,42246601,Aid package for Ukraine,Simulated
2025-01-25,UK,Humanitarian,28093946,Aid package for Ukraine,Simulated
2025-01-26,France,Military,88370717,Aid package for Ukraine,Simulated
2025-01-27,Canada,Financial,87805968,Aid package for Ukraine,Simulated
2025-01-28,Canada,Humanitarian,26923890,Aid package for Ukraine,Simulated
2025-01-29,Canada,Military,33732366,Aid package for Ukraine,Simulated
2025-01-30,France,Financial,18639220,Aid package for Ukraine,Simulated
2025-01-31,France,Financial,10597342,Aid package for Ukraine,Simulated
2025-02-01,France,Military,71722588,Aid package for Ukraine,Simulated
2025-02-02,Germany,Financial,16646828,Aid package for Ukraine,Simulated
2025-02-03,USA,Humanitarian,23576892,Aid package for Ukraine,Simulated
2025-02-04,Germany,Financial,61028087,Aid package for Ukraine,Simulated
2025-02-05,USA,Financial,94683839,Aid package for Ukraine,Simulated
2025-02-06,USA,Financial,28556714,Aid package for Ukraine,Simulated
2025-02-07,France,Financial,18391356,Aid package for Ukraine,Simulated
2025-02-08,USA,Financial,76913807,Aid package for Ukraine,Simulated
2025-02-09,Germany,Humanitarian,55743415,Aid package for Ukraine,Simulated
2025-02-10,UK,Military,47869542,Aid package for Ukraine,Simulated
2025-02-11,France,Humanitarian,88678626,Aid package for Ukraine,Simulated
2025-02-12,Canada,Humanitarian,75496003,Aid package for Ukraine,Simulated
2025-02-13,France,Humanitarian,12399812,Aid package for Ukraine,Simulated
2025-02-14,France,Military,44146126,Aid package for Ukraine,Simulated
2025-02-15,Germany,Financial,10755033,Aid package for Ukraine,Simulated
2025-02-16,France,Financial,96439274,Aid package for Ukraine,Simulated
2025-02-17,UK,Humanitarian,2928052,Aid package for Ukraine,Simulated
2025-02-18,Germany,Humanitarian,54755928,Aid package for Ukraine,Simulated
2025-02-19,USA,Military,73004319,Aid package for Ukraine,Simulated
2025-02-20,Germany,Financial,46153736,Aid package for Ukraine,Simulated
2025-02-21,Germany,Military,31881924,Aid package for Ukraine,Simulated
2025-02-22,Germany,Financial,94476656,Aid package for Ukraine,Simulated
2025-02-23,Canada,Humanitarian,12809732,Aid package for Ukraine,Simulated
2025-02-24,USA,Military,5291048,Aid package for Ukraine,Simulated
2025-02-25,UK,Military,64584231,Aid package for Ukraine,Simulated
2025-02-26,Canada,Financial,31382721,Aid package for Ukraine,Simulated
2025-02-27,France,Humanitarian,2896722,Aid package for Ukraine,Simulated
2025-02-28,France,Humanitarian,91272889,Aid package for Ukraine,Simulated
2025-03-01,USA,Financial,23655130,Aid package for Ukraine,Simulated
2025-03-02,Canada,Financial,92661281,Aid package for Ukraine,Simulated
2025-03-03,USA,Humanitarian,91782385,Aid package for Ukraine,Simulated
2025-03-04,France,Humanitarian,67891868,Aid package for Ukraine,Simulated
2025-03-05,Canada,Military,18762756,Aid package for Ukraine,Simulated
2025-03-06,UK,Humanitarian,14429807,Aid package for Ukraine,Simulated
2025-03-07,UK,Financial,56793364,Aid package for Ukraine,Simulated
2025-03-08,USA,Military,16568915,Aid package for Ukraine,Simulated
2025-03-09,Germany,Military,11976563,Aid package for Ukraine,Simulated
2025-03-10,USA,Humanitarian,92043403,Aid package for Ukraine,Simulated
2025-03-11,UK,Military,58257639,Aid package for Ukraine,Simulated
2025-03-12,UK,Military,82088448,Aid package for Ukraine,Simulated
2025-03-13,Canada,Humanitarian,13941468,Aid package for Ukraine,Simulated
2025-03-14,Germany,Financial,91361412,Aid package for Ukraine,Simulated
2025-03-15,Germany,Financial,81300303,Aid package for Ukraine,Simulated
2025-03-16,USA,Financial,29875966,Aid package for Ukraine,Simulated
2025-03-17,UK,Military,52766613,Aid package for Ukraine,Simulated
2025-03-18,Canada,Military,30790369,Aid package for Ukraine,Simulated
2025-03-19,USA,Military,30998889,Aid package for Ukraine,Simulated
2025-03-20,France,Financial,93058709,Aid package for Ukraine,Simulated
2025-03-21,Canada,Humanitarian,83319021,Aid package for Ukraine,Simulated
2025-03-22,Canada,Military,42533467,Aid package for Ukraine,Simulated
2025-03-23,UK,Military,36737353,Aid package for Ukraine,Simulated
2025-03-24,UK,Military,76087710,Aid package for Ukraine,Simulated
2025-03-25,UK,Military,80493816,Aid package for Ukraine,Simulated
2025-03-26,USA,Military,59819151,Aid package for Ukraine,Simulated
2025-03-27,Germany,Financial,27969185,Aid package for Ukraine,Simulated
2025-03-28,UK,Humanitarian,94545717,Aid package for Ukraine,Simulated
2025-03-29,Canada,Financial,97941723,Aid package for Ukraine,Simulated
2025-03-30,UK,Humanitarian,10296521,Aid package for Ukraine,Simulated
2025-03-31,USA,Humanitarian,16793671,Aid package for Ukraine,Simulated
2025-04-01,France,Humanitarian,29646300,Aid package for Ukraine,Simulated
2025-04-02,France,Military,97437345,Aid package for Ukraine,Simulated
2025-04-03,France,Military,41606771,Aid package for Ukraine,Simulated
2025-04-04,UK,Humanitarian,75183284,Aid package for Ukraine,Simulated
2025-04-05,USA,Military,4701534,Aid package for Ukraine,Simulated
2025-04-06,France,Military,3454815,Aid package for Ukraine,Simulated
2025-04-07,France,Military,37851129,Aid package for Ukraine,Simulated
2025-04-08,Germany,Military,39480661,Aid package for Ukraine,Simulated
2025-04-09,USA,Financial,39007108,Aid package for Ukraine,Simulated
2025-04-10,France,Financial,25053179,Aid package for Ukraine,Simulated
2025-04-11,France,Military,7187756,Aid package for Ukraine,Simulated
2025-04-12,Germany,Humanitarian,44405504,Aid package for Ukraine,Simulated
2025-04-13,USA,Military,21393043,Aid package for Ukraine,Simulated
2025-04-14,UK,Humanitarian,32162651,Aid package for Ukraine,Simulated
2025-04-15,Canada,Financial,21997533,Aid package for Ukraine,Simulated
2025-04-16,UK,Military,54930366,Aid package for Ukraine,Simulated
2025-04-17,France,Financial,91251425,Aid package for Ukraine,Simulated
2025-04-18,UK,Military,14507198,Aid package for Ukraine,Simulated
2025-04-19,USA,Humanitarian,6016572,Aid package for Ukraine,Simulated
2025-04-20,USA,Humanitarian,91166233,Aid package for Ukraine,Simulated
2025-04-21,France,Financial,90726322,Aid package for Ukraine,Simulated
2025-04-22,Germany,Military,73366138,Aid package for Ukraine,Simulated
2025-04-23,France,Financial,86146488,Aid package for Ukraine,Simulated
2025-04-24,USA,Military,21075346,Aid package for Ukraine,Simulated
2025-04-25,UK,Military,33956681,Aid package for Ukraine,Simulated
2025-04-26,Germany,Financial,3911354,Aid package for Ukraine,Simulated
2025-04-27,Canada,Financial,52909412,Aid package for Ukraine,Simulated
2025-04-28,France,Military,96552764,Aid package for Ukraine,Simulated
2025-04-29,Canada,Military,77565581,Aid package for Ukraine,Simulated
2025-04-30,UK,Financial,9564528,Aid package for Ukraine,Simulated
2025-05-01,France,Financial,76058556,Aid package for Ukraine,Simulated
2025-05-02,Germany,Humanitarian,73961796,Aid package for Ukraine,Simulated
2025-05-03,USA,Humanitarian,34396594,Aid package for Ukraine,Simulated
2025-05-04,France,Financial,96048414,Aid package for Ukraine,Simulated
2025-05-05,USA,Military,54518310,Aid package for Ukraine,Simulated
2025-05-06,France,Humanitarian,64831777,Aid package for Ukraine,Simulated
