Date,Issuing Country,Sanction Type,Target Country,Description,Source
2022-02-24,EU,Travel Ban,Russia,New sanctions imposed,Simulated
2022-02-25,EU,Trade,Russia,New sanctions imposed,Simulated
2022-02-26,USA,Trade,Russia,New sanctions imposed,Simulated
2022-02-27,USA,Trade,Russia,New sanctions imposed,Simulated
2022-02-28,UK,Trade,Russia,New sanctions imposed,Simulated
2022-03-01,USA,Trade,Russia,New sanctions imposed,Simulated
2022-03-02,UK,Financial,Russia,New sanctions imposed,Simulated
2022-03-03,USA,Travel Ban,Russia,New sanctions imposed,Simulated
2022-03-04,USA,Trade,Russia,New sanctions imposed,Simulated
2022-03-05,EU,Travel Ban,Russia,New sanctions imposed,Simulated
2022-03-06,EU,Travel Ban,Russia,New sanctions imposed,Simulated
2022-03-07,UK,Travel Ban,Russia,New sanctions imposed,Simulated
2022-03-08,USA,Financial,Russia,New sanctions imposed,Simulated
2022-03-09,USA,Travel Ban,Russia,New sanctions imposed,Simulated
2022-03-10,EU,Trade,Russia,New sanctions imposed,Simulated
2022-03-11,USA,Trade,Russia,New sanctions imposed,Simulated
2022-03-12,USA,Travel Ban,Russia,New sanctions imposed,Simulated
2022-03-13,USA,Travel Ban,Russia,New sanctions imposed,Simulated
2022-03-14,UK,Travel Ban,Russia,New sanctions imposed,Simulated
2022-03-15,USA,Travel Ban,Russia,New sanctions imposed,Simulated
2022-03-16,EU,Trade,Russia,New sanctions imposed,Simulated
2022-03-17,EU,Financial,Russia,New sanctions imposed,Simulated
2022-03-18,USA,Travel Ban,Russia,New sanctions imposed,Simulated
2022-03-19,EU,Financial,Russia,New sanctions imposed,Simulated
2022-03-20,UK,Trade,Russia,New sanctions imposed,Simulated
2022-03-21,UK,Travel Ban,Russia,New sanctions imposed,Simulated
2022-03-22,USA,Trade,Russia,New sanctions imposed,Simulated
2022-03-23,UK,Financial,Russia,New sanctions imposed,Simulated
2022-03-24,EU,Financial,Russia,New sanctions imposed,Simulated
2022-03-25,USA,Financial,Russia,New sanctions imposed,Simulated
2022-03-26,EU,Travel Ban,Russia,New sanctions imposed,Simulated
2022-03-27,EU,Trade,Russia,New sanctions imposed,Simulated
2022-03-28,UK,Travel Ban,Russia,New sanctions imposed,Simulated
2022-03-29,EU,Travel Ban,Russia,New sanctions imposed,Simulated
2022-03-30,USA,Travel Ban,Russia,New sanctions imposed,Simulated
2022-03-31,EU,Financial,Russia,New sanctions imposed,Simulated
2022-04-01,USA,Financial,Russia,New sanctions imposed,Simulated
2022-04-02,UK,Financial,Russia,New sanctions imposed,Simulated
2022-04-03,USA,Financial,Russia,New sanctions imposed,Simulated
2022-04-04,UK,Financial,Russia,New sanctions imposed,Simulated
2022-04-05,USA,Travel Ban,Russia,New sanctions imposed,Simulated
2022-04-06,USA,Financial,Russia,New sanctions imposed,Simulated
2022-04-07,EU,Travel Ban,Russia,New sanctions imposed,Simulated
2022-04-08,USA,Trade,Russia,New sanctions imposed,Simulated
2022-04-09,EU,Financial,Russia,New sanctions imposed,Simulated
2022-04-10,UK,Trade,Russia,New sanctions imposed,Simulated
2022-04-11,USA,Trade,Russia,New sanctions imposed,Simulated
2022-04-12,UK,Trade,Russia,New sanctions imposed,Simulated
2022-04-13,EU,Trade,Russia,New sanctions imposed,Simulated
2022-04-14,USA,Trade,Russia,New sanctions imposed,Simulated
2022-04-15,EU,Travel Ban,Russia,New sanctions imposed,Simulated
2022-04-16,EU,Travel Ban,Russia,New sanctions imposed,Simulated
2022-04-17,EU,Trade,Russia,New sanctions imposed,Simulated
2022-04-18,EU,Trade,Russia,New sanctions imposed,Simulated
2022-04-19,UK,Trade,Russia,New sanctions imposed,Simulated
2022-04-20,USA,Financial,Russia,New sanctions imposed,Simulated
2022-04-21,USA,Financial,Russia,New sanctions imposed,Simulated
2022-04-22,UK,Financial,Russia,New sanctions imposed,Simulated
2022-04-23,UK,Travel Ban,Russia,New sanctions imposed,Simulated
2022-04-24,USA,Financial,Russia,New sanctions imposed,Simulated
2022-04-25,USA,Financial,Russia,New sanctions imposed,Simulated
2022-04-26,EU,Financial,Russia,New sanctions imposed,Simulated
2022-04-27,USA,Travel Ban,Russia,New sanctions imposed,Simulated
2022-04-28,USA,Travel Ban,Russia,New sanctions imposed,Simulated
2022-04-29,USA,Financial,Russia,New sanctions imposed,Simulated
2022-04-30,EU,Financial,Russia,New sanctions imposed,Simulated
2022-05-01,EU,Financial,Russia,New sanctions imposed,Simulated
2022-05-02,UK,Financial,Russia,New sanctions imposed,Simulated
2022-05-03,UK,Travel Ban,Russia,New sanctions imposed,Simulated
2022-05-04,EU,Travel Ban,Russia,New sanctions imposed,Simulated
2022-05-05,UK,Trade,Russia,New sanctions imposed,Simulated
2022-05-06,EU,Trade,Russia,New sanctions imposed,Simulated
2022-05-07,EU,Travel Ban,Russia,New sanctions imposed,Simulated
2022-05-08,EU,Travel Ban,Russia,New sanctions imposed,Simulated
2022-05-09,UK,Trade,Russia,New sanctions imposed,Simulated
2022-05-10,UK,Financial,Russia,New sanctions imposed,Simulated
2022-05-11,EU,Financial,Russia,New sanctions imposed,Simulated
2022-05-12,USA,Travel Ban,Russia,New sanctions imposed,Simulated
2022-05-13,EU,Trade,Russia,New sanctions imposed,Simulated
2022-05-14,EU,Travel Ban,Russia,New sanctions imposed,Simulated
2022-05-15,USA,Trade,Russia,New sanctions imposed,Simulated
2022-05-16,UK,Financial,Russia,New sanctions imposed,Simulated
2022-05-17,EU,Trade,Russia,New sanctions imposed,Simulated
2022-05-18,UK,Financial,Russia,New sanctions imposed,Simulated
2022-05-19,EU,Trade,Russia,New sanctions imposed,Simulated
2022-05-20,UK,Travel Ban,Russia,New sanctions imposed,Simulated
2022-05-21,USA,Trade,Russia,New sanctions imposed,Simulated
2022-05-22,USA,Financial,Russia,New sanctions imposed,Simulated
2022-05-23,EU,Trade,Russia,New sanctions imposed,Simulated
2022-05-24,EU,Trade,Russia,New sanctions imposed,Simulated
2022-05-25,EU,Travel Ban,Russia,New sanctions imposed,Simulated
2022-05-26,UK,Travel Ban,Russia,New sanctions imposed,Simulated
2022-05-27,UK,Financial,Russia,New sanctions imposed,Simulated
2022-05-28,USA,Financial,Russia,New sanctions imposed,Simulated
2022-05-29,EU,Trade,Russia,New sanctions imposed,Simulated
2022-05-30,USA,Travel Ban,Russia,New sanctions imposed,Simulated
2022-05-31,USA,Travel Ban,Russia,New sanctions imposed,Simulated
2022-06-01,USA,Trade,Russia,New sanctions imposed,Simulated
2022-06-02,UK,Financial,Russia,New sanctions imposed,Simulated
2022-06-03,EU,Travel Ban,Russia,New sanctions imposed,Simulated
2022-06-04,EU,Financial,Russia,New sanctions imposed,Simulated
2022-06-05,EU,Financial,Russia,New sanctions imposed,Simulated
2022-06-06,EU,Travel Ban,Russia,New sanctions imposed,Simulated
2022-06-07,USA,Travel Ban,Russia,New sanctions imposed,Simulated
2022-06-08,USA,Travel Ban,Russia,New sanctions imposed,Simulated
2022-06-09,EU,Financial,Russia,New sanctions imposed,Simulated
2022-06-10,UK,Trade,Russia,New sanctions imposed,Simulated
2022-06-11,EU,Financial,Russia,New sanctions imposed,Simulated
2022-06-12,USA,Travel Ban,Russia,New sanctions imposed,Simulated
2022-06-13,EU,Trade,Russia,New sanctions imposed,Simulated
2022-06-14,USA,Trade,Russia,New sanctions imposed,Simulated
2022-06-15,UK,Trade,Russia,New sanctions imposed,Simulated
2022-06-16,UK,Travel Ban,Russia,New sanctions imposed,Simulated
2022-06-17,UK,Financial,Russia,New sanctions imposed,Simulated
2022-06-18,USA,Travel Ban,Russia,New sanctions imposed,Simulated
2022-06-19,UK,Trade,Russia,New sanctions imposed,Simulated
2022-06-20,USA,Financial,Russia,New sanctions imposed,Simulated
2022-06-21,USA,Trade,Russia,New sanctions imposed,Simulated
2022-06-22,EU,Financial,Russia,New sanctions imposed,Simulated
2022-06-23,UK,Trade,Russia,New sanctions imposed,Simulated
2022-06-24,UK,Financial,Russia,New sanctions imposed,Simulated
2022-06-25,USA,Travel Ban,Russia,New sanctions imposed,Simulated
2022-06-26,USA,Travel Ban,Russia,New sanctions imposed,Simulated
2022-06-27,USA,Trade,Russia,New sanctions imposed,Simulated
2022-06-28,EU,Trade,Russia,New sanctions imposed,Simulated
2022-06-29,USA,Travel Ban,Russia,New sanctions imposed,Simulated
2022-06-30,USA,Travel Ban,Russia,New sanctions imposed,Simulated
2022-07-01,UK,Financial,Russia,New sanctions imposed,Simulated
2022-07-02,USA,Financial,Russia,New sanctions imposed,Simulated
2022-07-03,UK,Financial,Russia,New sanctions imposed,Simulated
2022-07-04,USA,Trade,Russia,New sanctions imposed,Simulated
2022-07-05,UK,Travel Ban,Russia,New sanctions imposed,Simulated
2022-07-06,USA,Trade,Russia,New sanctions imposed,Simulated
2022-07-07,USA,Financial,Russia,New sanctions imposed,Simulated
2022-07-08,EU,Trade,Russia,New sanctions imposed,Simulated
2022-07-09,USA,Financial,Russia,New sanctions imposed,Simulated
2022-07-10,EU,Financial,Russia,New sanctions imposed,Simulated
2022-07-11,USA,Trade,Russia,New sanctions imposed,Simulated
2022-07-12,EU,Financial,Russia,New sanctions imposed,Simulated
2022-07-13,EU,Travel Ban,Russia,New sanctions imposed,Simulated
2022-07-14,UK,Trade,Russia,New sanctions imposed,Simulated
2022-07-15,USA,Travel Ban,Russia,New sanctions imposed,Simulated
2022-07-16,EU,Financial,Russia,New sanctions imposed,Simulated
2022-07-17,UK,Trade,Russia,New sanctions imposed,Simulated
2022-07-18,UK,Travel Ban,Russia,New sanctions imposed,Simulated
2022-07-19,UK,Trade,Russia,New sanctions imposed,Simulated
2022-07-20,UK,Trade,Russia,New sanctions imposed,Simulated
2022-07-21,EU,Financial,Russia,New sanctions imposed,Simulated
2022-07-22,UK,Trade,Russia,New sanctions imposed,Simulated
2022-07-23,EU,Financial,Russia,New sanctions imposed,Simulated
2022-07-24,USA,Travel Ban,Russia,New sanctions imposed,Simulated
2022-07-25,USA,Trade,Russia,New sanctions imposed,Simulated
2022-07-26,USA,Trade,Russia,New sanctions imposed,Simulated
2022-07-27,UK,Trade,Russia,New sanctions imposed,Simulated
2022-07-28,EU,Travel Ban,Russia,New sanctions imposed,Simulated
2022-07-29,USA,Trade,Russia,New sanctions imposed,Simulated
2022-07-30,USA,Travel Ban,Russia,New sanctions imposed,Simulated
2022-07-31,EU,Financial,Russia,New sanctions imposed,Simulated
2022-08-01,EU,Financial,Russia,New sanctions imposed,Simulated
2022-08-02,UK,Trade,Russia,New sanctions imposed,Simulated
2022-08-03,EU,Travel Ban,Russia,New sanctions imposed,Simulated
2022-08-04,UK,Financial,Russia,New sanctions imposed,Simulated
2022-08-05,USA,Travel Ban,Russia,New sanctions imposed,Simulated
2022-08-06,USA,Financial,Russia,New sanctions imposed,Simulated
2022-08-07,EU,Travel Ban,Russia,New sanctions imposed,Simulated
2022-08-08,UK,Trade,Russia,New sanctions imposed,Simulated
2022-08-09,UK,Financial,Russia,New sanctions imposed,Simulated
2022-08-10,USA,Travel Ban,Russia,New sanctions imposed,Simulated
2022-08-11,UK,Travel Ban,Russia,New sanctions imposed,Simulated
2022-08-12,UK,Trade,Russia,New sanctions imposed,Simulated
2022-08-13,UK,Travel Ban,Russia,New sanctions imposed,Simulated
2022-08-14,USA,Trade,Russia,New sanctions imposed,Simulated
2022-08-15,UK,Travel Ban,Russia,New sanctions imposed,Simulated
2022-08-16,EU,Financial,Russia,New sanctions imposed,Simulated
2022-08-17,UK,Trade,Russia,New sanctions imposed,Simulated
2022-08-18,EU,Trade,Russia,New sanctions imposed,Simulated
2022-08-19,USA,Trade,Russia,New sanctions imposed,Simulated
2022-08-20,EU,Trade,Russia,New sanctions imposed,Simulated
2022-08-21,UK,Trade,Russia,New sanctions imposed,Simulated
2022-08-22,EU,Trade,Russia,New sanctions imposed,Simulated
2022-08-23,UK,Financial,Russia,New sanctions imposed,Simulated
2022-08-24,UK,Financial,Russia,New sanctions imposed,Simulated
2022-08-25,USA,Financial,Russia,New sanctions imposed,Simulated
2022-08-26,USA,Trade,Russia,New sanctions imposed,Simulated
2022-08-27,EU,Trade,Russia,New sanctions imposed,Simulated
2022-08-28,UK,Travel Ban,Russia,New sanctions imposed,Simulated
2022-08-29,USA,Travel Ban,Russia,New sanctions imposed,Simulated
2022-08-30,UK,Trade,Russia,New sanctions imposed,Simulated
2022-08-31,UK,Financial,Russia,New sanctions imposed,Simulated
2022-09-01,UK,Trade,Russia,New sanctions imposed,Simulated
2022-09-02,UK,Travel Ban,Russia,New sanctions imposed,Simulated
2022-09-03,UK,Trade,Russia,New sanctions imposed,Simulated
2022-09-04,EU,Travel Ban,Russia,New sanctions imposed,Simulated
2022-09-05,EU,Trade,Russia,New sanctions imposed,Simulated
2022-09-06,USA,Travel Ban,Russia,New sanctions imposed,Simulated
2022-09-07,USA,Trade,Russia,New sanctions imposed,Simulated
2022-09-08,USA,Trade,Russia,New sanctions imposed,Simulated
2022-09-09,UK,Trade,Russia,New sanctions imposed,Simulated
2022-09-10,USA,Financial,Russia,New sanctions imposed,Simulated
2022-09-11,USA,Travel Ban,Russia,New sanctions imposed,Simulated
2022-09-12,USA,Travel Ban,Russia,New sanctions imposed,Simulated
2022-09-13,USA,Travel Ban,Russia,New sanctions imposed,Simulated
2022-09-14,UK,Travel Ban,Russia,New sanctions imposed,Simulated
2022-09-15,USA,Trade,Russia,New sanctions imposed,Simulated
2022-09-16,USA,Financial,Russia,New sanctions imposed,Simulated
2022-09-17,EU,Travel Ban,Russia,New sanctions imposed,Simulated
2022-09-18,USA,Travel Ban,Russia,New sanctions imposed,Simulated
2022-09-19,UK,Trade,Russia,New sanctions imposed,Simulated
2022-09-20,USA,Trade,Russia,New sanctions imposed,Simulated
2022-09-21,EU,Travel Ban,Russia,New sanctions imposed,Simulated
2022-09-22,UK,Financial,Russia,New sanctions imposed,Simulated
2022-09-23,UK,Trade,Russia,New sanctions imposed,Simulated
2022-09-24,USA,Financial,Russia,New sanctions imposed,Simulated
2022-09-25,EU,Travel Ban,Russia,New sanctions imposed,Simulated
2022-09-26,USA,Travel Ban,Russia,New sanctions imposed,Simulated
2022-09-27,USA,Financial,Russia,New sanctions imposed,Simulated
2022-09-28,USA,Financial,Russia,New sanctions imposed,Simulated
2022-09-29,EU,Financial,Russia,New sanctions imposed,Simulated
2022-09-30,USA,Travel Ban,Russia,New sanctions imposed,Simulated
2022-10-01,USA,Travel Ban,Russia,New sanctions imposed,Simulated
2022-10-02,UK,Trade,Russia,New sanctions imposed,Simulated
2022-10-03,USA,Financial,Russia,New sanctions imposed,Simulated
2022-10-04,USA,Financial,Russia,New sanctions imposed,Simulated
2022-10-05,USA,Travel Ban,Russia,New sanctions imposed,Simulated
2022-10-06,UK,Trade,Russia,New sanctions imposed,Simulated
2022-10-07,EU,Trade,Russia,New sanctions imposed,Simulated
2022-10-08,EU,Travel Ban,Russia,New sanctions imposed,Simulated
2022-10-09,EU,Travel Ban,Russia,New sanctions imposed,Simulated
2022-10-10,EU,Trade,Russia,New sanctions imposed,Simulated
2022-10-11,EU,Financial,Russia,New sanctions imposed,Simulated
2022-10-12,UK,Financial,Russia,New sanctions imposed,Simulated
2022-10-13,UK,Trade,Russia,New sanctions imposed,Simulated
2022-10-14,UK,Travel Ban,Russia,New sanctions imposed,Simulated
2022-10-15,EU,Trade,Russia,New sanctions imposed,Simulated
2022-10-16,USA,Financial,Russia,New sanctions imposed,Simulated
2022-10-17,EU,Travel Ban,Russia,New sanctions imposed,Simulated
2022-10-18,UK,Trade,Russia,New sanctions imposed,Simulated
2022-10-19,UK,Financial,Russia,New sanctions imposed,Simulated
2022-10-20,EU,Financial,Russia,New sanctions imposed,Simulated
2022-10-21,EU,Financial,Russia,New sanctions imposed,Simulated
2022-10-22,EU,Travel Ban,Russia,New sanctions imposed,Simulated
2022-10-23,EU,Trade,Russia,New sanctions imposed,Simulated
2022-10-24,EU,Financial,Russia,New sanctions imposed,Simulated
2022-10-25,EU,Travel Ban,Russia,New sanctions imposed,Simulated
2022-10-26,EU,Financial,Russia,New sanctions imposed,Simulated
2022-10-27,EU,Travel Ban,Russia,New sanctions imposed,Simulated
2022-10-28,UK,Travel Ban,Russia,New sanctions imposed,Simulated
2022-10-29,UK,Trade,Russia,New sanctions imposed,Simulated
2022-10-30,USA,Financial,Russia,New sanctions imposed,Simulated
2022-10-31,UK,Trade,Russia,New sanctions imposed,Simulated
2022-11-01,EU,Trade,Russia,New sanctions imposed,Simulated
2022-11-02,UK,Financial,Russia,New sanctions imposed,Simulated
2022-11-03,USA,Trade,Russia,New sanctions imposed,Simulated
2022-11-04,UK,Trade,Russia,New sanctions imposed,Simulated
2022-11-05,UK,Travel Ban,Russia,New sanctions imposed,Simulated
2022-11-06,EU,Trade,Russia,New sanctions imposed,Simulated
2022-11-07,EU,Travel Ban,Russia,New sanctions imposed,Simulated
2022-11-08,EU,Financial,Russia,New sanctions imposed,Simulated
2022-11-09,EU,Financial,Russia,New sanctions imposed,Simulated
2022-11-10,EU,Financial,Russia,New sanctions imposed,Simulated
2022-11-11,UK,Trade,Russia,New sanctions imposed,Simulated
2022-11-12,USA,Travel Ban,Russia,New sanctions imposed,Simulated
2022-11-13,EU,Trade,Russia,New sanctions imposed,Simulated
2022-11-14,EU,Financial,Russia,New sanctions imposed,Simulated
2022-11-15,UK,Travel Ban,Russia,New sanctions imposed,Simulated
2022-11-16,UK,Trade,Russia,New sanctions imposed,Simulated
2022-11-17,UK,Travel Ban,Russia,New sanctions imposed,Simulated
2022-11-18,USA,Travel Ban,Russia,New sanctions imposed,Simulated
2022-11-19,USA,Travel Ban,Russia,New sanctions imposed,Simulated
2022-11-20,EU,Travel Ban,Russia,New sanctions imposed,Simulated
2022-11-21,EU,Trade,Russia,New sanctions imposed,Simulated
2022-11-22,USA,Travel Ban,Russia,New sanctions imposed,Simulated
2022-11-23,USA,Financial,Russia,New sanctions imposed,Simulated
2022-11-24,USA,Travel Ban,Russia,New sanctions imposed,Simulated
2022-11-25,USA,Trade,Russia,New sanctions imposed,Simulated
2022-11-26,USA,Trade,Russia,New sanctions imposed,Simulated
2022-11-27,UK,Travel Ban,Russia,New sanctions imposed,Simulated
2022-11-28,USA,Travel Ban,Russia,New sanctions imposed,Simulated
2022-11-29,USA,Travel Ban,Russia,New sanctions imposed,Simulated
2022-11-30,UK,Trade,Russia,New sanctions imposed,Simulated
2022-12-01,USA,Financial,Russia,New sanctions imposed,Simulated
2022-12-02,EU,Trade,Russia,New sanctions imposed,Simulated
2022-12-03,USA,Travel Ban,Russia,New sanctions imposed,Simulated
2022-12-04,EU,Trade,Russia,New sanctions imposed,Simulated
2022-12-05,UK,Financial,Russia,New sanctions imposed,Simulated
2022-12-06,EU,Trade,Russia,New sanctions imposed,Simulated
2022-12-07,UK,Travel Ban,Russia,New sanctions imposed,Simulated
2022-12-08,UK,Financial,Russia,New sanctions imposed,Simulated
2022-12-09,EU,Financial,Russia,New sanctions imposed,Simulated
2022-12-10,EU,Trade,Russia,New sanctions imposed,Simulated
2022-12-11,UK,Travel Ban,Russia,New sanctions imposed,Simulated
2022-12-12,EU,Travel Ban,Russia,New sanctions imposed,Simulated
2022-12-13,UK,Trade,Russia,New sanctions imposed,Simulated
2022-12-14,EU,Travel Ban,Russia,New sanctions imposed,Simulated
2022-12-15,USA,Financial,Russia,New sanctions imposed,Simulated
2022-12-16,UK,Trade,Russia,New sanctions imposed,Simulated
2022-12-17,EU,Financial,Russia,New sanctions imposed,Simulated
2022-12-18,EU,Financial,Russia,New sanctions imposed,Simulated
2022-12-19,UK,Travel Ban,Russia,New sanctions imposed,Simulated
2022-12-20,USA,Financial,Russia,New sanctions imposed,Simulated
2022-12-21,EU,Travel Ban,Russia,New sanctions imposed,Simulated
2022-12-22,UK,Travel Ban,Russia,New sanctions imposed,Simulated
2022-12-23,USA,Trade,Russia,New sanctions imposed,Simulated
2022-12-24,USA,Financial,Russia,New sanctions imposed,Simulated
2022-12-25,EU,Travel Ban,Russia,New sanctions imposed,Simulated
2022-12-26,UK,Trade,Russia,New sanctions imposed,Simulated
2022-12-27,USA,Financial,Russia,New sanctions imposed,Simulated
2022-12-28,UK,Financial,Russia,New sanctions imposed,Simulated
2022-12-29,EU,Travel Ban,Russia,New sanctions imposed,Simulated
2022-12-30,UK,Travel Ban,Russia,New sanctions imposed,Simulated
2022-12-31,UK,Trade,Russia,New sanctions imposed,Simulated
2023-01-01,UK,Travel Ban,Russia,New sanctions imposed,Simulated
2023-01-02,USA,Travel Ban,Russia,New sanctions imposed,Simulated
2023-01-03,UK,Financial,Russia,New sanctions imposed,Simulated
2023-01-04,EU,Financial,Russia,New sanctions imposed,Simulated
2023-01-05,USA,Travel Ban,Russia,New sanctions imposed,Simulated
2023-01-06,UK,Trade,Russia,New sanctions imposed,Simulated
2023-01-07,UK,Travel Ban,Russia,New sanctions imposed,Simulated
2023-01-08,USA,Travel Ban,Russia,New sanctions imposed,Simulated
2023-01-09,USA,Trade,Russia,New sanctions imposed,Simulated
2023-01-10,USA,Financial,Russia,New sanctions imposed,Simulated
2023-01-11,EU,Financial,Russia,New sanctions imposed,Simulated
2023-01-12,UK,Travel Ban,Russia,New sanctions imposed,Simulated
2023-01-13,EU,Trade,Russia,New sanctions imposed,Simulated
2023-01-14,EU,Financial,Russia,New sanctions imposed,Simulated
2023-01-15,EU,Travel Ban,Russia,New sanctions imposed,Simulated
2023-01-16,USA,Travel Ban,Russia,New sanctions imposed,Simulated
2023-01-17,UK,Trade,Russia,New sanctions imposed,Simulated
2023-01-18,EU,Travel Ban,Russia,New sanctions imposed,Simulated
2023-01-19,UK,Travel Ban,Russia,New sanctions imposed,Simulated
2023-01-20,EU,Financial,Russia,New sanctions imposed,Simulated
2023-01-21,USA,Travel Ban,Russia,New sanctions imposed,Simulated
2023-01-22,USA,Trade,Russia,New sanctions imposed,Simulated
2023-01-23,EU,Trade,Russia,New sanctions imposed,Simulated
2023-01-24,USA,Trade,Russia,New sanctions imposed,Simulated
2023-01-25,USA,Travel Ban,Russia,New sanctions imposed,Simulated
2023-01-26,USA,Financial,Russia,New sanctions imposed,Simulated
2023-01-27,USA,Travel Ban,Russia,New sanctions imposed,Simulated
2023-01-28,EU,Trade,Russia,New sanctions imposed,Simulated
2023-01-29,UK,Trade,Russia,New sanctions imposed,Simulated
2023-01-30,USA,Trade,Russia,New sanctions imposed,Simulated
2023-01-31,UK,Financial,Russia,New sanctions imposed,Simulated
2023-02-01,UK,Trade,Russia,New sanctions imposed,Simulated
2023-02-02,UK,Financial,Russia,New sanctions imposed,Simulated
2023-02-03,EU,Trade,Russia,New sanctions imposed,Simulated
2023-02-04,UK,Trade,Russia,New sanctions imposed,Simulated
2023-02-05,EU,Financial,Russia,New sanctions imposed,Simulated
2023-02-06,EU,Financial,Russia,New sanctions imposed,Simulated
2023-02-07,USA,Trade,Russia,New sanctions imposed,Simulated
2023-02-08,UK,Financial,Russia,New sanctions imposed,Simulated
2023-02-09,EU,Trade,Russia,New sanctions imposed,Simulated
2023-02-10,USA,Financial,Russia,New sanctions imposed,Simulated
2023-02-11,UK,Travel Ban,Russia,New sanctions imposed,Simulated
2023-02-12,USA,Trade,Russia,New sanctions imposed,Simulated
2023-02-13,USA,Trade,Russia,New sanctions imposed,Simulated
2023-02-14,USA,Financial,Russia,New sanctions imposed,Simulated
2023-02-15,USA,Travel Ban,Russia,New sanctions imposed,Simulated
2023-02-16,EU,Financial,Russia,New sanctions imposed,Simulated
2023-02-17,EU,Financial,Russia,New sanctions imposed,Simulated
2023-02-18,EU,Travel Ban,Russia,New sanctions imposed,Simulated
2023-02-19,UK,Travel Ban,Russia,New sanctions imposed,Simulated
2023-02-20,EU,Trade,Russia,New sanctions imposed,Simulated
2023-02-21,UK,Trade,Russia,New sanctions imposed,Simulated
2023-02-22,UK,Financial,Russia,New sanctions imposed,Simulated
2023-02-23,USA,Trade,Russia,New sanctions imposed,Simulated
2023-02-24,USA,Trade,Russia,New sanctions imposed,Simulated
2023-02-25,USA,Travel Ban,Russia,New sanctions imposed,Simulated
2023-02-26,UK,Financial,Russia,New sanctions imposed,Simulated
2023-02-27,USA,Financial,Russia,New sanctions imposed,Simulated
2023-02-28,USA,Financial,Russia,New sanctions imposed,Simulated
2023-03-01,UK,Financial,Russia,New sanctions imposed,Simulated
2023-03-02,UK,Financial,Russia,New sanctions imposed,Simulated
2023-03-03,EU,Trade,Russia,New sanctions imposed,Simulated
2023-03-04,USA,Travel Ban,Russia,New sanctions imposed,Simulated
2023-03-05,USA,Trade,Russia,New sanctions imposed,Simulated
2023-03-06,UK,Travel Ban,Russia,New sanctions imposed,Simulated
2023-03-07,UK,Financial,Russia,New sanctions imposed,Simulated
2023-03-08,USA,Travel Ban,Russia,New sanctions imposed,Simulated
2023-03-09,EU,Trade,Russia,New sanctions imposed,Simulated
2023-03-10,EU,Trade,Russia,New sanctions imposed,Simulated
2023-03-11,UK,Financial,Russia,New sanctions imposed,Simulated
2023-03-12,EU,Financial,Russia,New sanctions imposed,Simulated
2023-03-13,EU,Financial,Russia,New sanctions imposed,Simulated
2023-03-14,EU,Trade,Russia,New sanctions imposed,Simulated
2023-03-15,UK,Trade,Russia,New sanctions imposed,Simulated
2023-03-16,UK,Travel Ban,Russia,New sanctions imposed,Simulated
2023-03-17,EU,Travel Ban,Russia,New sanctions imposed,Simulated
2023-03-18,EU,Financial,Russia,New sanctions imposed,Simulated
2023-03-19,UK,Trade,Russia,New sanctions imposed,Simulated
2023-03-20,EU,Financial,Russia,New sanctions imposed,Simulated
2023-03-21,EU,Travel Ban,Russia,New sanctions imposed,Simulated
2023-03-22,UK,Trade,Russia,New sanctions imposed,Simulated
2023-03-23,EU,Trade,Russia,New sanctions imposed,Simulated
2023-03-24,EU,Trade,Russia,New sanctions imposed,Simulated
2023-03-25,EU,Trade,Russia,New sanctions imposed,Simulated
2023-03-26,EU,Travel Ban,Russia,New sanctions imposed,Simulated
2023-03-27,EU,Travel Ban,Russia,New sanctions imposed,Simulated
2023-03-28,UK,Travel Ban,Russia,New sanctions imposed,Simulated
2023-03-29,UK,Trade,Russia,New sanctions imposed,Simulated
2023-03-30,EU,Travel Ban,Russia,New sanctions imposed,Simulated
2023-03-31,USA,Financial,Russia,New sanctions imposed,Simulated
2023-04-01,USA,Financial,Russia,New sanctions imposed,Simulated
2023-04-02,EU,Financial,Russia,New sanctions imposed,Simulated
2023-04-03,EU,Travel Ban,Russia,New sanctions imposed,Simulated
2023-04-04,USA,Financial,Russia,New sanctions imposed,Simulated
2023-04-05,EU,Financial,Russia,New sanctions imposed,Simulated
2023-04-06,USA,Trade,Russia,New sanctions imposed,Simulated
2023-04-07,UK,Travel Ban,Russia,New sanctions imposed,Simulated
2023-04-08,USA,Travel Ban,Russia,New sanctions imposed,Simulated
2023-04-09,UK,Financial,Russia,New sanctions imposed,Simulated
2023-04-10,UK,Travel Ban,Russia,New sanctions imposed,Simulated
2023-04-11,EU,Financial,Russia,New sanctions imposed,Simulated
2023-04-12,EU,Financial,Russia,New sanctions imposed,Simulated
2023-04-13,USA,Financial,Russia,New sanctions imposed,Simulated
2023-04-14,EU,Trade,Russia,New sanctions imposed,Simulated
2023-04-15,USA,Trade,Russia,New sanctions imposed,Simulated
2023-04-16,EU,Financial,Russia,New sanctions imposed,Simulated
2023-04-17,USA,Financial,Russia,New sanctions imposed,Simulated
2023-04-18,UK,Travel Ban,Russia,New sanctions imposed,Simulated
2023-04-19,EU,Financial,Russia,New sanctions imposed,Simulated
2023-04-20,EU,Financial,Russia,New sanctions imposed,Simulated
2023-04-21,EU,Travel Ban,Russia,New sanctions imposed,Simulated
2023-04-22,USA,Financial,Russia,New sanctions imposed,Simulated
2023-04-23,EU,Financial,Russia,New sanctions imposed,Simulated
2023-04-24,EU,Financial,Russia,New sanctions imposed,Simulated
2023-04-25,USA,Travel Ban,Russia,New sanctions imposed,Simulated
2023-04-26,UK,Trade,Russia,New sanctions imposed,Simulated
2023-04-27,EU,Travel Ban,Russia,New sanctions imposed,Simulated
2023-04-28,EU,Trade,Russia,New sanctions imposed,Simulated
2023-04-29,EU,Travel Ban,Russia,New sanctions imposed,Simulated
2023-04-30,USA,Trade,Russia,New sanctions imposed,Simulated
2023-05-01,EU,Travel Ban,Russia,New sanctions imposed,Simulated
2023-05-02,EU,Trade,Russia,New sanctions imposed,Simulated
2023-05-03,UK,Financial,Russia,New sanctions imposed,Simulated
2023-05-04,USA,Trade,Russia,New sanctions imposed,Simulated
2023-05-05,USA,Financial,Russia,New sanctions imposed,Simulated
2023-05-06,USA,Financial,Russia,New sanctions imposed,Simulated
2023-05-07,USA,Trade,Russia,New sanctions imposed,Simulated
2023-05-08,UK,Travel Ban,Russia,New sanctions imposed,Simulated
2023-05-09,USA,Trade,Russia,New sanctions imposed,Simulated
2023-05-10,EU,Trade,Russia,New sanctions imposed,Simulated
2023-05-11,EU,Trade,Russia,New sanctions imposed,Simulated
2023-05-12,USA,Trade,Russia,New sanctions imposed,Simulated
2023-05-13,USA,Financial,Russia,New sanctions imposed,Simulated
2023-05-14,UK,Travel Ban,Russia,New sanctions imposed,Simulated
2023-05-15,USA,Financial,Russia,New sanctions imposed,Simulated
2023-05-16,USA,Trade,Russia,New sanctions imposed,Simulated
2023-05-17,EU,Trade,Russia,New sanctions imposed,Simulated
2023-05-18,UK,Financial,Russia,New sanctions imposed,Simulated
2023-05-19,UK,Financial,Russia,New sanctions imposed,Simulated
2023-05-20,EU,Travel Ban,Russia,New sanctions imposed,Simulated
2023-05-21,EU,Financial,Russia,New sanctions imposed,Simulated
2023-05-22,UK,Trade,Russia,New sanctions imposed,Simulated
2023-05-23,EU,Travel Ban,Russia,New sanctions imposed,Simulated
2023-05-24,USA,Trade,Russia,New sanctions imposed,Simulated
2023-05-25,EU,Travel Ban,Russia,New sanctions imposed,Simulated
2023-05-26,EU,Travel Ban,Russia,New sanctions imposed,Simulated
2023-05-27,EU,Travel Ban,Russia,New sanctions imposed,Simulated
2023-05-28,EU,Financial,Russia,New sanctions imposed,Simulated
2023-05-29,UK,Travel Ban,Russia,New sanctions imposed,Simulated
2023-05-30,UK,Financial,Russia,New sanctions imposed,Simulated
2023-05-31,UK,Financial,Russia,New sanctions imposed,Simulated
2023-06-01,USA,Financial,Russia,New sanctions imposed,Simulated
2023-06-02,EU,Trade,Russia,New sanctions imposed,Simulated
2023-06-03,USA,Financial,Russia,New sanctions imposed,Simulated
2023-06-04,EU,Financial,Russia,New sanctions imposed,Simulated
2023-06-05,USA,Travel Ban,Russia,New sanctions imposed,Simulated
2023-06-06,EU,Financial,Russia,New sanctions imposed,Simulated
2023-06-07,USA,Trade,Russia,New sanctions imposed,Simulated
2023-06-08,UK,Financial,Russia,New sanctions imposed,Simulated
2023-06-09,USA,Trade,Russia,New sanctions imposed,Simulated
2023-06-10,UK,Financial,Russia,New sanctions imposed,Simulated
2023-06-11,EU,Trade,Russia,New sanctions imposed,Simulated
2023-06-12,EU,Travel Ban,Russia,New sanctions imposed,Simulated
2023-06-13,EU,Financial,Russia,New sanctions imposed,Simulated
2023-06-14,UK,Travel Ban,Russia,New sanctions imposed,Simulated
2023-06-15,EU,Travel Ban,Russia,New sanctions imposed,Simulated
2023-06-16,USA,Financial,Russia,New sanctions imposed,Simulated
2023-06-17,UK,Trade,Russia,New sanctions imposed,Simulated
2023-06-18,UK,Trade,Russia,New sanctions imposed,Simulated
2023-06-19,EU,Trade,Russia,New sanctions imposed,Simulated
2023-06-20,USA,Financial,Russia,New sanctions imposed,Simulated
2023-06-21,UK,Trade,Russia,New sanctions imposed,Simulated
2023-06-22,UK,Travel Ban,Russia,New sanctions imposed,Simulated
2023-06-23,EU,Financial,Russia,New sanctions imposed,Simulated
2023-06-24,UK,Travel Ban,Russia,New sanctions imposed,Simulated
2023-06-25,UK,Trade,Russia,New sanctions imposed,Simulated
2023-06-26,EU,Financial,Russia,New sanctions imposed,Simulated
2023-06-27,UK,Travel Ban,Russia,New sanctions imposed,Simulated
2023-06-28,EU,Trade,Russia,New sanctions imposed,Simulated
2023-06-29,EU,Financial,Russia,New sanctions imposed,Simulated
2023-06-30,EU,Trade,Russia,New sanctions imposed,Simulated
2023-07-01,UK,Financial,Russia,New sanctions imposed,Simulated
2023-07-02,UK,Trade,Russia,New sanctions imposed,Simulated
2023-07-03,UK,Trade,Russia,New sanctions imposed,Simulated
2023-07-04,USA,Travel Ban,Russia,New sanctions imposed,Simulated
2023-07-05,USA,Trade,Russia,New sanctions imposed,Simulated
2023-07-06,UK,Financial,Russia,New sanctions imposed,Simulated
2023-07-07,EU,Trade,Russia,New sanctions imposed,Simulated
2023-07-08,EU,Financial,Russia,New sanctions imposed,Simulated
2023-07-09,USA,Financial,Russia,New sanctions imposed,Simulated
2023-07-10,UK,Financial,Russia,New sanctions imposed,Simulated
2023-07-11,EU,Financial,Russia,New sanctions imposed,Simulated
2023-07-12,USA,Financial,Russia,New sanctions imposed,Simulated
2023-07-13,USA,Trade,Russia,New sanctions imposed,Simulated
2023-07-14,USA,Travel Ban,Russia,New sanctions imposed,Simulated
2023-07-15,EU,Financial,Russia,New sanctions imposed,Simulated
2023-07-16,UK,Trade,Russia,New sanctions imposed,Simulated
2023-07-17,EU,Financial,Russia,New sanctions imposed,Simulated
2023-07-18,USA,Travel Ban,Russia,New sanctions imposed,Simulated
2023-07-19,UK,Financial,Russia,New sanctions imposed,Simulated
2023-07-20,UK,Trade,Russia,New sanctions imposed,Simulated
2023-07-21,USA,Trade,Russia,New sanctions imposed,Simulated
2023-07-22,EU,Travel Ban,Russia,New sanctions imposed,Simulated
2023-07-23,USA,Financial,Russia,New sanctions imposed,Simulated
2023-07-24,USA,Trade,Russia,New sanctions imposed,Simulated
2023-07-25,EU,Travel Ban,Russia,New sanctions imposed,Simulated
2023-07-26,UK,Financial,Russia,New sanctions imposed,Simulated
2023-07-27,UK,Trade,Russia,New sanctions imposed,Simulated
2023-07-28,EU,Financial,Russia,New sanctions imposed,Simulated
2023-07-29,USA,Financial,Russia,New sanctions imposed,Simulated
2023-07-30,UK,Travel Ban,Russia,New sanctions imposed,Simulated
2023-07-31,USA,Financial,Russia,New sanctions imposed,Simulated
2023-08-01,EU,Trade,Russia,New sanctions imposed,Simulated
2023-08-02,UK,Financial,Russia,New sanctions imposed,Simulated
2023-08-03,EU,Trade,Russia,New sanctions imposed,Simulated
2023-08-04,EU,Travel Ban,Russia,New sanctions imposed,Simulated
2023-08-05,UK,Travel Ban,Russia,New sanctions imposed,Simulated
2023-08-06,UK,Trade,Russia,New sanctions imposed,Simulated
2023-08-07,UK,Trade,Russia,New sanctions imposed,Simulated
2023-08-08,UK,Trade,Russia,New sanctions imposed,Simulated
2023-08-09,USA,Financial,Russia,New sanctions imposed,Simulated
2023-08-10,USA,Financial,Russia,New sanctions imposed,Simulated
2023-08-11,UK,Financial,Russia,New sanctions imposed,Simulated
2023-08-12,UK,Financial,Russia,New sanctions imposed,Simulated
2023-08-13,USA,Trade,Russia,New sanctions imposed,Simulated
2023-08-14,UK,Travel Ban,Russia,New sanctions imposed,Simulated
2023-08-15,EU,Trade,Russia,New sanctions imposed,Simulated
2023-08-16,UK,Trade,Russia,New sanctions imposed,Simulated
2023-08-17,USA,Travel Ban,Russia,New sanctions imposed,Simulated
2023-08-18,UK,Financial,Russia,New sanctions imposed,Simulated
2023-08-19,UK,Trade,Russia,New sanctions imposed,Simulated
2023-08-20,UK,Trade,Russia,New sanctions imposed,Simulated
2023-08-21,USA,Trade,Russia,New sanctions imposed,Simulated
2023-08-22,UK,Trade,Russia,New sanctions imposed,Simulated
2023-08-23,USA,Travel Ban,Russia,New sanctions imposed,Simulated
2023-08-24,UK,Financial,Russia,New sanctions imposed,Simulated
2023-08-25,EU,Financial,Russia,New sanctions imposed,Simulated
2023-08-26,USA,Travel Ban,Russia,New sanctions imposed,Simulated
2023-08-27,USA,Financial,Russia,New sanctions imposed,Simulated
2023-08-28,UK,Financial,Russia,New sanctions imposed,Simulated
2023-08-29,UK,Travel Ban,Russia,New sanctions imposed,Simulated
2023-08-30,UK,Trade,Russia,New sanctions imposed,Simulated
2023-08-31,EU,Financial,Russia,New sanctions imposed,Simulated
2023-09-01,EU,Travel Ban,Russia,New sanctions imposed,Simulated
2023-09-02,USA,Trade,Russia,New sanctions imposed,Simulated
2023-09-03,UK,Travel Ban,Russia,New sanctions imposed,Simulated
2023-09-04,UK,Trade,Russia,New sanctions imposed,Simulated
2023-09-05,UK,Financial,Russia,New sanctions imposed,Simulated
2023-09-06,EU,Financial,Russia,New sanctions imposed,Simulated
2023-09-07,EU,Trade,Russia,New sanctions imposed,Simulated
2023-09-08,EU,Trade,Russia,New sanctions imposed,Simulated
2023-09-09,EU,Trade,Russia,New sanctions imposed,Simulated
2023-09-10,USA,Travel Ban,Russia,New sanctions imposed,Simulated
2023-09-11,UK,Financial,Russia,New sanctions imposed,Simulated
2023-09-12,USA,Financial,Russia,New sanctions imposed,Simulated
2023-09-13,EU,Financial,Russia,New sanctions imposed,Simulated
2023-09-14,UK,Financial,Russia,New sanctions imposed,Simulated
2023-09-15,EU,Financial,Russia,New sanctions imposed,Simulated
2023-09-16,EU,Travel Ban,Russia,New sanctions imposed,Simulated
2023-09-17,USA,Trade,Russia,New sanctions imposed,Simulated
2023-09-18,EU,Travel Ban,Russia,New sanctions imposed,Simulated
2023-09-19,EU,Trade,Russia,New sanctions imposed,Simulated
2023-09-20,USA,Financial,Russia,New sanctions imposed,Simulated
2023-09-21,EU,Trade,Russia,New sanctions imposed,Simulated
2023-09-22,USA,Travel Ban,Russia,New sanctions imposed,Simulated
2023-09-23,EU,Trade,Russia,New sanctions imposed,Simulated
2023-09-24,EU,Financial,Russia,New sanctions imposed,Simulated
2023-09-25,USA,Travel Ban,Russia,New sanctions imposed,Simulated
2023-09-26,UK,Travel Ban,Russia,New sanctions imposed,Simulated
2023-09-27,USA,Travel Ban,Russia,New sanctions imposed,Simulated
2023-09-28,USA,Financial,Russia,New sanctions imposed,Simulated
2023-09-29,USA,Trade,Russia,New sanctions imposed,Simulated
2023-09-30,USA,Trade,Russia,New sanctions imposed,Simulated
2023-10-01,UK,Trade,Russia,New sanctions imposed,Simulated
2023-10-02,USA,Trade,Russia,New sanctions imposed,Simulated
2023-10-03,EU,Financial,Russia,New sanctions imposed,Simulated
2023-10-04,USA,Travel Ban,Russia,New sanctions imposed,Simulated
2023-10-05,EU,Trade,Russia,New sanctions imposed,Simulated
2023-10-06,USA,Trade,Russia,New sanctions imposed,Simulated
2023-10-07,UK,Financial,Russia,New sanctions imposed,Simulated
2023-10-08,USA,Travel Ban,Russia,New sanctions imposed,Simulated
2023-10-09,USA,Financial,Russia,New sanctions imposed,Simulated
2023-10-10,USA,Financial,Russia,New sanctions imposed,Simulated
2023-10-11,EU,Financial,Russia,New sanctions imposed,Simulated
2023-10-12,UK,Financial,Russia,New sanctions imposed,Simulated
2023-10-13,USA,Financial,Russia,New sanctions imposed,Simulated
2023-10-14,USA,Travel Ban,Russia,New sanctions imposed,Simulated
2023-10-15,EU,Trade,Russia,New sanctions imposed,Simulated
2023-10-16,USA,Financial,Russia,New sanctions imposed,Simulated
2023-10-17,USA,Financial,Russia,New sanctions imposed,Simulated
2023-10-18,USA,Trade,Russia,New sanctions imposed,Simulated
2023-10-19,UK,Travel Ban,Russia,New sanctions imposed,Simulated
2023-10-20,EU,Financial,Russia,New sanctions imposed,Simulated
2023-10-21,USA,Financial,Russia,New sanctions imposed,Simulated
2023-10-22,EU,Trade,Russia,New sanctions imposed,Simulated
2023-10-23,UK,Financial,Russia,New sanctions imposed,Simulated
2023-10-24,EU,Financial,Russia,New sanctions imposed,Simulated
2023-10-25,UK,Travel Ban,Russia,New sanctions imposed,Simulated
2023-10-26,EU,Trade,Russia,New sanctions imposed,Simulated
2023-10-27,EU,Financial,Russia,New sanctions imposed,Simulated
2023-10-28,UK,Trade,Russia,New sanctions imposed,Simulated
2023-10-29,UK,Travel Ban,Russia,New sanctions imposed,Simulated
2023-10-30,USA,Travel Ban,Russia,New sanctions imposed,Simulated
2023-10-31,USA,Financial,Russia,New sanctions imposed,Simulated
2023-11-01,USA,Travel Ban,Russia,New sanctions imposed,Simulated
2023-11-02,EU,Trade,Russia,New sanctions imposed,Simulated
2023-11-03,EU,Trade,Russia,New sanctions imposed,Simulated
2023-11-04,USA,Financial,Russia,New sanctions imposed,Simulated
2023-11-05,USA,Financial,Russia,New sanctions imposed,Simulated
2023-11-06,USA,Financial,Russia,New sanctions imposed,Simulated
2023-11-07,USA,Travel Ban,Russia,New sanctions imposed,Simulated
2023-11-08,USA,Travel Ban,Russia,New sanctions imposed,Simulated
2023-11-09,USA,Financial,Russia,New sanctions imposed,Simulated
2023-11-10,UK,Travel Ban,Russia,New sanctions imposed,Simulated
2023-11-11,UK,Travel Ban,Russia,New sanctions imposed,Simulated
2023-11-12,USA,Trade,Russia,New sanctions imposed,Simulated
2023-11-13,USA,Financial,Russia,New sanctions imposed,Simulated
2023-11-14,EU,Trade,Russia,New sanctions imposed,Simulated
2023-11-15,UK,Financial,Russia,New sanctions imposed,Simulated
2023-11-16,UK,Travel Ban,Russia,New sanctions imposed,Simulated
2023-11-17,EU,Financial,Russia,New sanctions imposed,Simulated
2023-11-18,USA,Trade,Russia,New sanctions imposed,Simulated
2023-11-19,EU,Trade,Russia,New sanctions imposed,Simulated
2023-11-20,EU,Financial,Russia,New sanctions imposed,Simulated
2023-11-21,EU,Financial,Russia,New sanctions imposed,Simulated
2023-11-22,USA,Trade,Russia,New sanctions imposed,Simulated
2023-11-23,EU,Financial,Russia,New sanctions imposed,Simulated
2023-11-24,USA,Travel Ban,Russia,New sanctions imposed,Simulated
2023-11-25,USA,Financial,Russia,New sanctions imposed,Simulated
2023-11-26,UK,Financial,Russia,New sanctions imposed,Simulated
2023-11-27,USA,Financial,Russia,New sanctions imposed,Simulated
2023-11-28,USA,Trade,Russia,New sanctions imposed,Simulated
2023-11-29,UK,Trade,Russia,New sanctions imposed,Simulated
2023-11-30,EU,Travel Ban,Russia,New sanctions imposed,Simulated
2023-12-01,EU,Travel Ban,Russia,New sanctions imposed,Simulated
2023-12-02,USA,Financial,Russia,New sanctions imposed,Simulated
2023-12-03,UK,Travel Ban,Russia,New sanctions imposed,Simulated
2023-12-04,UK,Financial,Russia,New sanctions imposed,Simulated
2023-12-05,USA,Travel Ban,Russia,New sanctions imposed,Simulated
2023-12-06,EU,Travel Ban,Russia,New sanctions imposed,Simulated
2023-12-07,EU,Trade,Russia,New sanctions imposed,Simulated
2023-12-08,USA,Travel Ban,Russia,New sanctions imposed,Simulated
2023-12-09,USA,Travel Ban,Russia,New sanctions imposed,Simulated
2023-12-10,UK,Travel Ban,Russia,New sanctions imposed,Simulated
2023-12-11,UK,Financial,Russia,New sanctions imposed,Simulated
2023-12-12,UK,Trade,Russia,New sanctions imposed,Simulated
2023-12-13,EU,Financial,Russia,New sanctions imposed,Simulated
2023-12-14,EU,Trade,Russia,New sanctions imposed,Simulated
2023-12-15,USA,Trade,Russia,New sanctions imposed,Simulated
2023-12-16,EU,Financial,Russia,New sanctions imposed,Simulated
2023-12-17,EU,Travel Ban,Russia,New sanctions imposed,Simulated
2023-12-18,UK,Financial,Russia,New sanctions imposed,Simulated
2023-12-19,USA,Travel Ban,Russia,New sanctions imposed,Simulated
2023-12-20,EU,Financial,Russia,New sanctions imposed,Simulated
2023-12-21,EU,Travel Ban,Russia,New sanctions imposed,Simulated
2023-12-22,USA,Travel Ban,Russia,New sanctions imposed,Simulated
2023-12-23,UK,Travel Ban,Russia,New sanctions imposed,Simulated
2023-12-24,USA,Travel Ban,Russia,New sanctions imposed,Simulated
2023-12-25,USA,Travel Ban,Russia,New sanctions imposed,Simulated
2023-12-26,USA,Travel Ban,Russia,New sanctions imposed,Simulated
2023-12-27,USA,Trade,Russia,New sanctions imposed,Simulated
2023-12-28,UK,Travel Ban,Russia,New sanctions imposed,Simulated
2023-12-29,EU,Financial,Russia,New sanctions imposed,Simulated
2023-12-30,USA,Trade,Russia,New sanctions imposed,Simulated
2023-12-31,UK,Travel Ban,Russia,New sanctions imposed,Simulated
2024-01-01,EU,Travel Ban,Russia,New sanctions imposed,Simulated
2024-01-02,EU,Financial,Russia,New sanctions imposed,Simulated
2024-01-03,USA,Financial,Russia,New sanctions imposed,Simulated
2024-01-04,UK,Trade,Russia,New sanctions imposed,Simulated
2024-01-05,UK,Travel Ban,Russia,New sanctions imposed,Simulated
2024-01-06,UK,Financial,Russia,New sanctions imposed,Simulated
2024-01-07,USA,Financial,Russia,New sanctions imposed,Simulated
2024-01-08,EU,Trade,Russia,New sanctions imposed,Simulated
2024-01-09,EU,Travel Ban,Russia,New sanctions imposed,Simulated
2024-01-10,USA,Trade,Russia,New sanctions imposed,Simulated
2024-01-11,EU,Financial,Russia,New sanctions imposed,Simulated
2024-01-12,UK,Travel Ban,Russia,New sanctions imposed,Simulated
2024-01-13,USA,Financial,Russia,New sanctions imposed,Simulated
2024-01-14,USA,Travel Ban,Russia,New sanctions imposed,Simulated
2024-01-15,UK,Financial,Russia,New sanctions imposed,Simulated
2024-01-16,EU,Trade,Russia,New sanctions imposed,Simulated
2024-01-17,USA,Travel Ban,Russia,New sanctions imposed,Simulated
2024-01-18,USA,Financial,Russia,New sanctions imposed,Simulated
2024-01-19,UK,Trade,Russia,New sanctions imposed,Simulated
2024-01-20,EU,Financial,Russia,New sanctions imposed,Simulated
2024-01-21,UK,Financial,Russia,New sanctions imposed,Simulated
2024-01-22,EU,Travel Ban,Russia,New sanctions imposed,Simulated
2024-01-23,EU,Financial,Russia,New sanctions imposed,Simulated
2024-01-24,EU,Travel Ban,Russia,New sanctions imposed,Simulated
2024-01-25,EU,Travel Ban,Russia,New sanctions imposed,Simulated
2024-01-26,USA,Financial,Russia,New sanctions imposed,Simulated
2024-01-27,USA,Travel Ban,Russia,New sanctions imposed,Simulated
2024-01-28,UK,Trade,Russia,New sanctions imposed,Simulated
2024-01-29,USA,Financial,Russia,New sanctions imposed,Simulated
2024-01-30,UK,Travel Ban,Russia,New sanctions imposed,Simulated
2024-01-31,USA,Financial,Russia,New sanctions imposed,Simulated
2024-02-01,EU,Trade,Russia,New sanctions imposed,Simulated
2024-02-02,EU,Financial,Russia,New sanctions imposed,Simulated
2024-02-03,EU,Financial,Russia,New sanctions imposed,Simulated
2024-02-04,EU,Trade,Russia,New sanctions imposed,Simulated
2024-02-05,EU,Financial,Russia,New sanctions imposed,Simulated
2024-02-06,USA,Travel Ban,Russia,New sanctions imposed,Simulated
2024-02-07,UK,Trade,Russia,New sanctions imposed,Simulated
2024-02-08,USA,Trade,Russia,New sanctions imposed,Simulated
2024-02-09,USA,Financial,Russia,New sanctions imposed,Simulated
2024-02-10,USA,Financial,Russia,New sanctions imposed,Simulated
2024-02-11,UK,Trade,Russia,New sanctions imposed,Simulated
2024-02-12,UK,Trade,Russia,New sanctions imposed,Simulated
2024-02-13,UK,Travel Ban,Russia,New sanctions imposed,Simulated
2024-02-14,EU,Travel Ban,Russia,New sanctions imposed,Simulated
2024-02-15,USA,Travel Ban,Russia,New sanctions imposed,Simulated
2024-02-16,UK,Trade,Russia,New sanctions imposed,Simulated
2024-02-17,USA,Trade,Russia,New sanctions imposed,Simulated
2024-02-18,EU,Trade,Russia,New sanctions imposed,Simulated
2024-02-19,EU,Financial,Russia,New sanctions imposed,Simulated
2024-02-20,UK,Travel Ban,Russia,New sanctions imposed,Simulated
2024-02-21,UK,Trade,Russia,New sanctions imposed,Simulated
2024-02-22,UK,Financial,Russia,New sanctions imposed,Simulated
2024-02-23,USA,Travel Ban,Russia,New sanctions imposed,Simulated
2024-02-24,EU,Travel Ban,Russia,New sanctions imposed,Simulated
2024-02-25,USA,Trade,Russia,New sanctions imposed,Simulated
2024-02-26,USA,Trade,Russia,New sanctions imposed,Simulated
2024-02-27,USA,Financial,Russia,New sanctions imposed,Simulated
2024-02-28,UK,Travel Ban,Russia,New sanctions imposed,Simulated
2024-02-29,UK,Trade,Russia,New sanctions imposed,Simulated
2024-03-01,UK,Financial,Russia,New sanctions imposed,Simulated
2024-03-02,USA,Financial,Russia,New sanctions imposed,Simulated
2024-03-03,USA,Travel Ban,Russia,New sanctions imposed,Simulated
2024-03-04,USA,Financial,Russia,New sanctions imposed,Simulated
2024-03-05,EU,Travel Ban,Russia,New sanctions imposed,Simulated
2024-03-06,USA,Travel Ban,Russia,New sanctions imposed,Simulated
2024-03-07,EU,Travel Ban,Russia,New sanctions imposed,Simulated
2024-03-08,EU,Travel Ban,Russia,New sanctions imposed,Simulated
2024-03-09,UK,Trade,Russia,New sanctions imposed,Simulated
2024-03-10,USA,Travel Ban,Russia,New sanctions imposed,Simulated
2024-03-11,USA,Trade,Russia,New sanctions imposed,Simulated
2024-03-12,UK,Travel Ban,Russia,New sanctions imposed,Simulated
2024-03-13,EU,Financial,Russia,New sanctions imposed,Simulated
2024-03-14,EU,Travel Ban,Russia,New sanctions imposed,Simulated
2024-03-15,USA,Travel Ban,Russia,New sanctions imposed,Simulated
2024-03-16,USA,Trade,Russia,New sanctions imposed,Simulated
2024-03-17,UK,Travel Ban,Russia,New sanctions imposed,Simulated
2024-03-18,USA,Financial,Russia,New sanctions imposed,Simulated
2024-03-19,USA,Travel Ban,Russia,New sanctions imposed,Simulated
2024-03-20,UK,Financial,Russia,New sanctions imposed,Simulated
2024-03-21,EU,Travel Ban,Russia,New sanctions imposed,Simulated
2024-03-22,EU,Financial,Russia,New sanctions imposed,Simulated
2024-03-23,UK,Trade,Russia,New sanctions imposed,Simulated
2024-03-24,UK,Travel Ban,Russia,New sanctions imposed,Simulated
2024-03-25,USA,Financial,Russia,New sanctions imposed,Simulated
2024-03-26,UK,Travel Ban,Russia,New sanctions imposed,Simulated
2024-03-27,USA,Trade,Russia,New sanctions imposed,Simulated
2024-03-28,EU,Travel Ban,Russia,New sanctions imposed,Simulated
2024-03-29,EU,Financial,Russia,New sanctions imposed,Simulated
2024-03-30,EU,Travel Ban,Russia,New sanctions imposed,Simulated
2024-03-31,UK,Travel Ban,Russia,New sanctions imposed,Simulated
2024-04-01,EU,Financial,Russia,New sanctions imposed,Simulated
2024-04-02,EU,Travel Ban,Russia,New sanctions imposed,Simulated
2024-04-03,UK,Travel Ban,Russia,New sanctions imposed,Simulated
2024-04-04,USA,Travel Ban,Russia,New sanctions imposed,Simulated
2024-04-05,USA,Travel Ban,Russia,New sanctions imposed,Simulated
2024-04-06,EU,Travel Ban,Russia,New sanctions imposed,Simulated
2024-04-07,EU,Travel Ban,Russia,New sanctions imposed,Simulated
2024-04-08,EU,Trade,Russia,New sanctions imposed,Simulated
2024-04-09,EU,Trade,Russia,New sanctions imposed,Simulated
2024-04-10,UK,Trade,Russia,New sanctions imposed,Simulated
2024-04-11,USA,Trade,Russia,New sanctions imposed,Simulated
2024-04-12,USA,Financial,Russia,New sanctions imposed,Simulated
2024-04-13,EU,Trade,Russia,New sanctions imposed,Simulated
2024-04-14,USA,Travel Ban,Russia,New sanctions imposed,Simulated
2024-04-15,EU,Travel Ban,Russia,New sanctions imposed,Simulated
2024-04-16,UK,Travel Ban,Russia,New sanctions imposed,Simulated
2024-04-17,EU,Travel Ban,Russia,New sanctions imposed,Simulated
2024-04-18,USA,Financial,Russia,New sanctions imposed,Simulated
2024-04-19,EU,Financial,Russia,New sanctions imposed,Simulated
2024-04-20,UK,Trade,Russia,New sanctions imposed,Simulated
2024-04-21,UK,Financial,Russia,New sanctions imposed,Simulated
2024-04-22,EU,Travel Ban,Russia,New sanctions imposed,Simulated
2024-04-23,USA,Travel Ban,Russia,New sanctions imposed,Simulated
2024-04-24,UK,Financial,Russia,New sanctions imposed,Simulated
2024-04-25,EU,Travel Ban,Russia,New sanctions imposed,Simulated
2024-04-26,USA,Travel Ban,Russia,New sanctions imposed,Simulated
2024-04-27,EU,Trade,Russia,New sanctions imposed,Simulated
2024-04-28,EU,Trade,Russia,New sanctions imposed,Simulated
2024-04-29,UK,Financial,Russia,New sanctions imposed,Simulated
2024-04-30,EU,Trade,Russia,New sanctions imposed,Simulated
2024-05-01,EU,Travel Ban,Russia,New sanctions imposed,Simulated
2024-05-02,USA,Trade,Russia,New sanctions imposed,Simulated
2024-05-03,EU,Travel Ban,Russia,New sanctions imposed,Simulated
2024-05-04,USA,Financial,Russia,New sanctions imposed,Simulated
2024-05-05,UK,Travel Ban,Russia,New sanctions imposed,Simulated
2024-05-06,USA,Financial,Russia,New sanctions imposed,Simulated
2024-05-07,UK,Travel Ban,Russia,New sanctions imposed,Simulated
2024-05-08,EU,Trade,Russia,New sanctions imposed,Simulated
2024-05-09,UK,Financial,Russia,New sanctions imposed,Simulated
2024-05-10,EU,Financial,Russia,New sanctions imposed,Simulated
2024-05-11,USA,Travel Ban,Russia,New sanctions imposed,Simulated
2024-05-12,UK,Financial,Russia,New sanctions imposed,Simulated
2024-05-13,USA,Trade,Russia,New sanctions imposed,Simulated
2024-05-14,USA,Travel Ban,Russia,New sanctions imposed,Simulated
2024-05-15,USA,Trade,Russia,New sanctions imposed,Simulated
2024-05-16,UK,Trade,Russia,New sanctions imposed,Simulated
2024-05-17,EU,Financial,Russia,New sanctions imposed,Simulated
2024-05-18,UK,Travel Ban,Russia,New sanctions imposed,Simulated
2024-05-19,EU,Trade,Russia,New sanctions imposed,Simulated
2024-05-20,EU,Travel Ban,Russia,New sanctions imposed,Simulated
2024-05-21,EU,Trade,Russia,New sanctions imposed,Simulated
2024-05-22,EU,Trade,Russia,New sanctions imposed,Simulated
2024-05-23,USA,Travel Ban,Russia,New sanctions imposed,Simulated
2024-05-24,USA,Trade,Russia,New sanctions imposed,Simulated
2024-05-25,EU,Travel Ban,Russia,New sanctions imposed,Simulated
2024-05-26,UK,Trade,Russia,New sanctions imposed,Simulated
2024-05-27,EU,Trade,Russia,New sanctions imposed,Simulated
2024-05-28,USA,Financial,Russia,New sanctions imposed,Simulated
2024-05-29,EU,Trade,Russia,New sanctions imposed,Simulated
2024-05-30,USA,Trade,Russia,New sanctions imposed,Simulated
2024-05-31,EU,Travel Ban,Russia,New sanctions imposed,Simulated
2024-06-01,UK,Financial,Russia,New sanctions imposed,Simulated
2024-06-02,UK,Travel Ban,Russia,New sanctions imposed,Simulated
2024-06-03,EU,Trade,Russia,New sanctions imposed,Simulated
2024-06-04,EU,Trade,Russia,New sanctions imposed,Simulated
2024-06-05,EU,Financial,Russia,New sanctions imposed,Simulated
2024-06-06,EU,Travel Ban,Russia,New sanctions imposed,Simulated
2024-06-07,UK,Financial,Russia,New sanctions imposed,Simulated
2024-06-08,EU,Financial,Russia,New sanctions imposed,Simulated
2024-06-09,UK,Trade,Russia,New sanctions imposed,Simulated
2024-06-10,UK,Travel Ban,Russia,New sanctions imposed,Simulated
2024-06-11,EU,Trade,Russia,New sanctions imposed,Simulated
2024-06-12,EU,Trade,Russia,New sanctions imposed,Simulated
2024-06-13,EU,Travel Ban,Russia,New sanctions imposed,Simulated
2024-06-14,EU,Trade,Russia,New sanctions imposed,Simulated
2024-06-15,UK,Travel Ban,Russia,New sanctions imposed,Simulated
2024-06-16,EU,Travel Ban,Russia,New sanctions imposed,Simulated
2024-06-17,USA,Trade,Russia,New sanctions imposed,Simulated
2024-06-18,EU,Financial,Russia,New sanctions imposed,Simulated
2024-06-19,UK,Travel Ban,Russia,New sanctions imposed,Simulated
2024-06-20,USA,Trade,Russia,New sanctions imposed,Simulated
2024-06-21,EU,Financial,Russia,New sanctions imposed,Simulated
2024-06-22,USA,Financial,Russia,New sanctions imposed,Simulated
2024-06-23,UK,Trade,Russia,New sanctions imposed,Simulated
2024-06-24,USA,Financial,Russia,New sanctions imposed,Simulated
2024-06-25,UK,Financial,Russia,New sanctions imposed,Simulated
2024-06-26,USA,Travel Ban,Russia,New sanctions imposed,Simulated
2024-06-27,UK,Travel Ban,Russia,New sanctions imposed,Simulated
2024-06-28,USA,Travel Ban,Russia,New sanctions imposed,Simulated
2024-06-29,USA,Trade,Russia,New sanctions imposed,Simulated
2024-06-30,UK,Trade,Russia,New sanctions imposed,Simulated
2024-07-01,UK,Travel Ban,Russia,New sanctions imposed,Simulated
2024-07-02,UK,Travel Ban,Russia,New sanctions imposed,Simulated
2024-07-03,USA,Travel Ban,Russia,New sanctions imposed,Simulated
2024-07-04,USA,Financial,Russia,New sanctions imposed,Simulated
2024-07-05,UK,Travel Ban,Russia,New sanctions imposed,Simulated
2024-07-06,UK,Travel Ban,Russia,New sanctions imposed,Simulated
2024-07-07,EU,Travel Ban,Russia,New sanctions imposed,Simulated
2024-07-08,USA,Travel Ban,Russia,New sanctions imposed,Simulated
2024-07-09,USA,Travel Ban,Russia,New sanctions imposed,Simulated
2024-07-10,USA,Trade,Russia,New sanctions imposed,Simulated
2024-07-11,UK,Financial,Russia,New sanctions imposed,Simulated
2024-07-12,UK,Trade,Russia,New sanctions imposed,Simulated
2024-07-13,USA,Financial,Russia,New sanctions imposed,Simulated
2024-07-14,EU,Travel Ban,Russia,New sanctions imposed,Simulated
2024-07-15,UK,Trade,Russia,New sanctions imposed,Simulated
2024-07-16,USA,Financial,Russia,New sanctions imposed,Simulated
2024-07-17,USA,Financial,Russia,New sanctions imposed,Simulated
2024-07-18,UK,Financial,Russia,New sanctions imposed,Simulated
2024-07-19,USA,Trade,Russia,New sanctions imposed,Simulated
2024-07-20,USA,Financial,Russia,New sanctions imposed,Simulated
2024-07-21,EU,Trade,Russia,New sanctions imposed,Simulated
2024-07-22,EU,Travel Ban,Russia,New sanctions imposed,Simulated
2024-07-23,UK,Travel Ban,Russia,New sanctions imposed,Simulated
2024-07-24,EU,Travel Ban,Russia,New sanctions imposed,Simulated
2024-07-25,EU,Travel Ban,Russia,New sanctions imposed,Simulated
2024-07-26,UK,Travel Ban,Russia,New sanctions imposed,Simulated
2024-07-27,UK,Trade,Russia,New sanctions imposed,Simulated
2024-07-28,UK,Financial,Russia,New sanctions imposed,Simulated
2024-07-29,EU,Financial,Russia,New sanctions imposed,Simulated
2024-07-30,USA,Trade,Russia,New sanctions imposed,Simulated
2024-07-31,EU,Trade,Russia,New sanctions imposed,Simulated
2024-08-01,USA,Financial,Russia,New sanctions imposed,Simulated
2024-08-02,UK,Financial,Russia,New sanctions imposed,Simulated
2024-08-03,UK,Trade,Russia,New sanctions imposed,Simulated
2024-08-04,EU,Trade,Russia,New sanctions imposed,Simulated
2024-08-05,UK,Trade,Russia,New sanctions imposed,Simulated
2024-08-06,UK,Trade,Russia,New sanctions imposed,Simulated
2024-08-07,USA,Trade,Russia,New sanctions imposed,Simulated
2024-08-08,USA,Financial,Russia,New sanctions imposed,Simulated
2024-08-09,USA,Financial,Russia,New sanctions imposed,Simulated
2024-08-10,UK,Financial,Russia,New sanctions imposed,Simulated
2024-08-11,EU,Travel Ban,Russia,New sanctions imposed,Simulated
2024-08-12,USA,Trade,Russia,New sanctions imposed,Simulated
2024-08-13,UK,Financial,Russia,New sanctions imposed,Simulated
2024-08-14,USA,Financial,Russia,New sanctions imposed,Simulated
2024-08-15,EU,Travel Ban,Russia,New sanctions imposed,Simulated
2024-08-16,EU,Financial,Russia,New sanctions imposed,Simulated
2024-08-17,USA,Travel Ban,Russia,New sanctions imposed,Simulated
2024-08-18,EU,Financial,Russia,New sanctions imposed,Simulated
2024-08-19,UK,Financial,Russia,New sanctions imposed,Simulated
2024-08-20,UK,Financial,Russia,New sanctions imposed,Simulated
2024-08-21,EU,Travel Ban,Russia,New sanctions imposed,Simulated
2024-08-22,UK,Trade,Russia,New sanctions imposed,Simulated
2024-08-23,EU,Travel Ban,Russia,New sanctions imposed,Simulated
2024-08-24,USA,Travel Ban,Russia,New sanctions imposed,Simulated
2024-08-25,EU,Travel Ban,Russia,New sanctions imposed,Simulated
2024-08-26,EU,Trade,Russia,New sanctions imposed,Simulated
2024-08-27,UK,Travel Ban,Russia,New sanctions imposed,Simulated
2024-08-28,EU,Trade,Russia,New sanctions imposed,Simulated
2024-08-29,EU,Trade,Russia,New sanctions imposed,Simulated
2024-08-30,UK,Travel Ban,Russia,New sanctions imposed,Simulated
2024-08-31,UK,Financial,Russia,New sanctions imposed,Simulated
2024-09-01,USA,Trade,Russia,New sanctions imposed,Simulated
2024-09-02,UK,Financial,Russia,New sanctions imposed,Simulated
2024-09-03,EU,Trade,Russia,New sanctions imposed,Simulated
2024-09-04,EU,Financial,Russia,New sanctions imposed,Simulated
2024-09-05,EU,Trade,Russia,New sanctions imposed,Simulated
2024-09-06,EU,Financial,Russia,New sanctions imposed,Simulated
2024-09-07,USA,Financial,Russia,New sanctions imposed,Simulated
2024-09-08,USA,Trade,Russia,New sanctions imposed,Simulated
2024-09-09,EU,Travel Ban,Russia,New sanctions imposed,Simulated
2024-09-10,USA,Trade,Russia,New sanctions imposed,Simulated
2024-09-11,EU,Trade,Russia,New sanctions imposed,Simulated
2024-09-12,UK,Financial,Russia,New sanctions imposed,Simulated
2024-09-13,USA,Trade,Russia,New sanctions imposed,Simulated
2024-09-14,UK,Travel Ban,Russia,New sanctions imposed,Simulated
2024-09-15,EU,Financial,Russia,New sanctions imposed,Simulated
2024-09-16,EU,Trade,Russia,New sanctions imposed,Simulated
2024-09-17,UK,Travel Ban,Russia,New sanctions imposed,Simulated
2024-09-18,USA,Trade,Russia,New sanctions imposed,Simulated
2024-09-19,USA,Financial,Russia,New sanctions imposed,Simulated
2024-09-20,USA,Financial,Russia,New sanctions imposed,Simulated
2024-09-21,EU,Trade,Russia,New sanctions imposed,Simulated
2024-09-22,EU,Travel Ban,Russia,New sanctions imposed,Simulated
2024-09-23,EU,Travel Ban,Russia,New sanctions imposed,Simulated
2024-09-24,USA,Travel Ban,Russia,New sanctions imposed,Simulated
2024-09-25,UK,Trade,Russia,New sanctions imposed,Simulated
2024-09-26,EU,Financial,Russia,New sanctions imposed,Simulated
2024-09-27,USA,Trade,Russia,New sanctions imposed,Simulated
2024-09-28,UK,Travel Ban,Russia,New sanctions imposed,Simulated
2024-09-29,USA,Financial,Russia,New sanctions imposed,Simulated
2024-09-30,UK,Financial,Russia,New sanctions imposed,Simulated
2024-10-01,UK,Travel Ban,Russia,New sanctions imposed,Simulated
2024-10-02,USA,Trade,Russia,New sanctions imposed,Simulated
2024-10-03,UK,Travel Ban,Russia,New sanctions imposed,Simulated
2024-10-04,UK,Financial,Russia,New sanctions imposed,Simulated
2024-10-05,USA,Travel Ban,Russia,New sanctions imposed,Simulated
2024-10-06,USA,Travel Ban,Russia,New sanctions imposed,Simulated
2024-10-07,UK,Trade,Russia,New sanctions imposed,Simulated
2024-10-08,EU,Travel Ban,Russia,New sanctions imposed,Simulated
2024-10-09,USA,Financial,Russia,New sanctions imposed,Simulated
2024-10-10,EU,Financial,Russia,New sanctions imposed,Simulated
2024-10-11,UK,Trade,Russia,New sanctions imposed,Simulated
2024-10-12,UK,Trade,Russia,New sanctions imposed,Simulated
2024-10-13,UK,Travel Ban,Russia,New sanctions imposed,Simulated
2024-10-14,USA,Trade,Russia,New sanctions imposed,Simulated
2024-10-15,UK,Financial,Russia,New sanctions imposed,Simulated
2024-10-16,USA,Travel Ban,Russia,New sanctions imposed,Simulated
2024-10-17,EU,Financial,Russia,New sanctions imposed,Simulated
2024-10-18,USA,Trade,Russia,New sanctions imposed,Simulated
2024-10-19,USA,Travel Ban,Russia,New sanctions imposed,Simulated
2024-10-20,UK,Travel Ban,Russia,New sanctions imposed,Simulated
2024-10-21,EU,Trade,Russia,New sanctions imposed,Simulated
2024-10-22,UK,Financial,Russia,New sanctions imposed,Simulated
2024-10-23,EU,Trade,Russia,New sanctions imposed,Simulated
2024-10-24,USA,Financial,Russia,New sanctions imposed,Simulated
2024-10-25,USA,Financial,Russia,New sanctions imposed,Simulated
2024-10-26,EU,Trade,Russia,New sanctions imposed,Simulated
2024-10-27,UK,Financial,Russia,New sanctions imposed,Simulated
2024-10-28,USA,Financial,Russia,New sanctions imposed,Simulated
2024-10-29,UK,Travel Ban,Russia,New sanctions imposed,Simulated
2024-10-30,USA,Trade,Russia,New sanctions imposed,Simulated
2024-10-31,EU,Financial,Russia,New sanctions imposed,Simulated
2024-11-01,EU,Trade,Russia,New sanctions imposed,Simulated
2024-11-02,USA,Travel Ban,Russia,New sanctions imposed,Simulated
2024-11-03,USA,Travel Ban,Russia,New sanctions imposed,Simulated
2024-11-04,EU,Financial,Russia,New sanctions imposed,Simulated
2024-11-05,USA,Financial,Russia,New sanctions imposed,Simulated
2024-11-06,USA,Financial,Russia,New sanctions imposed,Simulated
2024-11-07,USA,Trade,Russia,New sanctions imposed,Simulated
2024-11-08,USA,Travel Ban,Russia,New sanctions imposed,Simulated
2024-11-09,USA,Travel Ban,Russia,New sanctions imposed,Simulated
2024-11-10,EU,Trade,Russia,New sanctions imposed,Simulated
2024-11-11,UK,Financial,Russia,New sanctions imposed,Simulated
2024-11-12,USA,Financial,Russia,New sanctions imposed,Simulated
2024-11-13,EU,Trade,Russia,New sanctions imposed,Simulated
2024-11-14,USA,Financial,Russia,New sanctions imposed,Simulated
2024-11-15,EU,Financial,Russia,New sanctions imposed,Simulated
2024-11-16,EU,Trade,Russia,New sanctions imposed,Simulated
2024-11-17,EU,Financial,Russia,New sanctions imposed,Simulated
2024-11-18,USA,Financial,Russia,New sanctions imposed,Simulated
2024-11-19,USA,Trade,Russia,New sanctions imposed,Simulated
2024-11-20,UK,Travel Ban,Russia,New sanctions imposed,Simulated
2024-11-21,UK,Financial,Russia,New sanctions imposed,Simulated
2024-11-22,EU,Travel Ban,Russia,New sanctions imposed,Simulated
2024-11-23,EU,Trade,Russia,New sanctions imposed,Simulated
2024-11-24,EU,Travel Ban,Russia,New sanctions imposed,Simulated
2024-11-25,EU,Financial,Russia,New sanctions imposed,Simulated
2024-11-26,USA,Trade,Russia,New sanctions imposed,Simulated
2024-11-27,EU,Travel Ban,Russia,New sanctions imposed,Simulated
2024-11-28,USA,Trade,Russia,New sanctions imposed,Simulated
2024-11-29,UK,Travel Ban,Russia,New sanctions imposed,Simulated
2024-11-30,EU,Travel Ban,Russia,New sanctions imposed,Simulated
2024-12-01,USA,Trade,Russia,New sanctions imposed,Simulated
2024-12-02,EU,Travel Ban,Russia,New sanctions imposed,Simulated
2024-12-03,EU,Travel Ban,Russia,New sanctions imposed,Simulated
2024-12-04,UK,Travel Ban,Russia,New sanctions imposed,Simulated
2024-12-05,UK,Travel Ban,Russia,New sanctions imposed,Simulated
2024-12-06,USA,Travel Ban,Russia,New sanctions imposed,Simulated
2024-12-07,USA,Travel Ban,Russia,New sanctions imposed,Simulated
2024-12-08,USA,Trade,Russia,New sanctions imposed,Simulated
2024-12-09,USA,Financial,Russia,New sanctions imposed,Simulated
2024-12-10,USA,Financial,Russia,New sanctions imposed,Simulated
2024-12-11,USA,Financial,Russia,New sanctions imposed,Simulated
2024-12-12,USA,Financial,Russia,New sanctions imposed,Simulated
2024-12-13,UK,Trade,Russia,New sanctions imposed,Simulated
2024-12-14,EU,Trade,Russia,New sanctions imposed,Simulated
2024-12-15,UK,Trade,Russia,New sanctions imposed,Simulated
2024-12-16,EU,Trade,Russia,New sanctions imposed,Simulated
2024-12-17,UK,Trade,Russia,New sanctions imposed,Simulated
2024-12-18,EU,Financial,Russia,New sanctions imposed,Simulated
2024-12-19,USA,Financial,Russia,New sanctions imposed,Simulated
2024-12-20,USA,Trade,Russia,New sanctions imposed,Simulated
2024-12-21,EU,Trade,Russia,New sanctions imposed,Simulated
2024-12-22,USA,Travel Ban,Russia,New sanctions imposed,Simulated
2024-12-23,EU,Financial,Russia,New sanctions imposed,Simulated
2024-12-24,EU,Trade,Russia,New sanctions imposed,Simulated
2024-12-25,UK,Financial,Russia,New sanctions imposed,Simulated
2024-12-26,UK,Financial,Russia,New sanctions imposed,Simulated
2024-12-27,USA,Travel Ban,Russia,New sanctions imposed,Simulated
2024-12-28,USA,Trade,Russia,New sanctions imposed,Simulated
2024-12-29,EU,Travel Ban,Russia,New sanctions imposed,Simulated
2024-12-30,EU,Trade,Russia,New sanctions imposed,Simulated
2024-12-31,USA,Travel Ban,Russia,New sanctions imposed,Simulated
2025-01-01,USA,Trade,Russia,New sanctions imposed,Simulated
2025-01-02,USA,Trade,Russia,New sanctions imposed,Simulated
2025-01-03,EU,Financial,Russia,New sanctions imposed,Simulated
2025-01-04,USA,Travel Ban,Russia,New sanctions imposed,Simulated
2025-01-05,EU,Trade,Russia,New sanctions imposed,Simulated
2025-01-06,EU,Travel Ban,Russia,New sanctions imposed,Simulated
2025-01-07,USA,Travel Ban,Russia,New sanctions imposed,Simulated
2025-01-08,EU,Travel Ban,Russia,New sanctions imposed,Simulated
2025-01-09,EU,Financial,Russia,New sanctions imposed,Simulated
2025-01-10,EU,Travel Ban,Russia,New sanctions imposed,Simulated
2025-01-11,USA,Travel Ban,Russia,New sanctions imposed,Simulated
2025-01-12,EU,Travel Ban,Russia,New sanctions imposed,Simulated
2025-01-13,UK,Financial,Russia,New sanctions imposed,Simulated
2025-01-14,EU,Financial,Russia,New sanctions imposed,Simulated
2025-01-15,UK,Financial,Russia,New sanctions imposed,Simulated
2025-01-16,UK,Trade,Russia,New sanctions imposed,Simulated
2025-01-17,UK,Trade,Russia,New sanctions imposed,Simulated
2025-01-18,USA,Travel Ban,Russia,New sanctions imposed,Simulated
2025-01-19,UK,Trade,Russia,New sanctions imposed,Simulated
2025-01-20,EU,Financial,Russia,New sanctions imposed,Simulated
2025-01-21,USA,Financial,Russia,New sanctions imposed,Simulated
2025-01-22,UK,Financial,Russia,New sanctions imposed,Simulated
2025-01-23,EU,Travel Ban,Russia,New sanctions imposed,Simulated
2025-01-24,USA,Financial,Russia,New sanctions imposed,Simulated
2025-01-25,EU,Financial,Russia,New sanctions imposed,Simulated
2025-01-26,UK,Financial,Russia,New sanctions imposed,Simulated
2025-01-27,UK,Trade,Russia,New sanctions imposed,Simulated
2025-01-28,USA,Financial,Russia,New sanctions imposed,Simulated
2025-01-29,USA,Trade,Russia,New sanctions imposed,Simulated
2025-01-30,EU,Trade,Russia,New sanctions imposed,Simulated
2025-01-31,EU,Travel Ban,Russia,New sanctions imposed,Simulated
2025-02-01,UK,Trade,Russia,New sanctions imposed,Simulated
2025-02-02,UK,Travel Ban,Russia,New sanctions imposed,Simulated
2025-02-03,UK,Trade,Russia,New sanctions imposed,Simulated
2025-02-04,EU,Financial,Russia,New sanctions imposed,Simulated
2025-02-05,USA,Financial,Russia,New sanctions imposed,Simulated
2025-02-06,USA,Trade,Russia,New sanctions imposed,Simulated
2025-02-07,USA,Financial,Russia,New sanctions imposed,Simulated
2025-02-08,UK,Financial,Russia,New sanctions imposed,Simulated
2025-02-09,EU,Travel Ban,Russia,New sanctions imposed,Simulated
2025-02-10,EU,Travel Ban,Russia,New sanctions imposed,Simulated
2025-02-11,EU,Trade,Russia,New sanctions imposed,Simulated
2025-02-12,UK,Travel Ban,Russia,New sanctions imposed,Simulated
2025-02-13,USA,Trade,Russia,New sanctions imposed,Simulated
2025-02-14,USA,Financial,Russia,New sanctions imposed,Simulated
2025-02-15,UK,Financial,Russia,New sanctions imposed,Simulated
2025-02-16,USA,Travel Ban,Russia,New sanctions imposed,Simulated
2025-02-17,USA,Travel Ban,Russia,New sanctions imposed,Simulated
2025-02-18,USA,Travel Ban,Russia,New sanctions imposed,Simulated
2025-02-19,EU,Financial,Russia,New sanctions imposed,Simulated
2025-02-20,UK,Travel Ban,Russia,New sanctions imposed,Simulated
2025-02-21,EU,Trade,Russia,New sanctions imposed,Simulated
2025-02-22,EU,Financial,Russia,New sanctions imposed,Simulated
2025-02-23,UK,Financial,Russia,New sanctions imposed,Simulated
2025-02-24,UK,Trade,Russia,New sanctions imposed,Simulated
2025-02-25,USA,Trade,Russia,New sanctions imposed,Simulated
2025-02-26,UK,Trade,Russia,New sanctions imposed,Simulated
2025-02-27,USA,Trade,Russia,New sanctions imposed,Simulated
2025-02-28,UK,Travel Ban,Russia,New sanctions imposed,Simulated
2025-03-01,USA,Trade,Russia,New sanctions imposed,Simulated
2025-03-02,EU,Financial,Russia,New sanctions imposed,Simulated
2025-03-03,EU,Trade,Russia,New sanctions imposed,Simulated
2025-03-04,USA,Financial,Russia,New sanctions imposed,Simulated
2025-03-05,UK,Trade,Russia,New sanctions imposed,Simulated
2025-03-06,EU,Travel Ban,Russia,New sanctions imposed,Simulated
2025-03-07,UK,Travel Ban,Russia,New sanctions imposed,Simulated
2025-03-08,EU,Travel Ban,Russia,New sanctions imposed,Simulated
2025-03-09,EU,Trade,Russia,New sanctions imposed,Simulated
2025-03-10,EU,Travel Ban,Russia,New sanctions imposed,Simulated
2025-03-11,UK,Financial,Russia,New sanctions imposed,Simulated
2025-03-12,UK,Financial,Russia,New sanctions imposed,Simulated
2025-03-13,USA,Financial,Russia,New sanctions imposed,Simulated
2025-03-14,UK,Financial,Russia,New sanctions imposed,Simulated
2025-03-15,EU,Travel Ban,Russia,New sanctions imposed,Simulated
2025-03-16,EU,Trade,Russia,New sanctions imposed,Simulated
2025-03-17,UK,Travel Ban,Russia,New sanctions imposed,Simulated
2025-03-18,EU,Trade,Russia,New sanctions imposed,Simulated
2025-03-19,EU,Trade,Russia,New sanctions imposed,Simulated
2025-03-20,UK,Travel Ban,Russia,New sanctions imposed,Simulated
2025-03-21,UK,Trade,Russia,New sanctions imposed,Simulated
2025-03-22,USA,Trade,Russia,New sanctions imposed,Simulated
2025-03-23,UK,Travel Ban,Russia,New sanctions imposed,Simulated
2025-03-24,EU,Financial,Russia,New sanctions imposed,Simulated
2025-03-25,USA,Travel Ban,Russia,New sanctions imposed,Simulated
2025-03-26,USA,Financial,Russia,New sanctions imposed,Simulated
2025-03-27,UK,Financial,Russia,New sanctions imposed,Simulated
2025-03-28,USA,Financial,Russia,New sanctions imposed,Simulated
2025-03-29,UK,Financial,Russia,New sanctions imposed,Simulated
2025-03-30,UK,Trade,Russia,New sanctions imposed,Simulated
2025-03-31,EU,Trade,Russia,New sanctions imposed,Simulated
2025-04-01,UK,Travel Ban,Russia,New sanctions imposed,Simulated
2025-04-02,EU,Financial,Russia,New sanctions imposed,Simulated
2025-04-03,UK,Financial,Russia,New sanctions imposed,Simulated
2025-04-04,USA,Financial,Russia,New sanctions imposed,Simulated
2025-04-05,UK,Financial,Russia,New sanctions imposed,Simulated
2025-04-06,USA,Trade,Russia,New sanctions imposed,Simulated
2025-04-07,UK,Financial,Russia,New sanctions imposed,Simulated
2025-04-08,USA,Trade,Russia,New sanctions imposed,Simulated
2025-04-09,USA,Trade,Russia,New sanctions imposed,Simulated
2025-04-10,UK,Financial,Russia,New sanctions imposed,Simulated
2025-04-11,UK,Travel Ban,Russia,New sanctions imposed,Simulated
2025-04-12,USA,Financial,Russia,New sanctions imposed,Simulated
2025-04-13,USA,Trade,Russia,New sanctions imposed,Simulated
2025-04-14,USA,Travel Ban,Russia,New sanctions imposed,Simulated
2025-04-15,UK,Travel Ban,Russia,New sanctions imposed,Simulated
2025-04-16,UK,Financial,Russia,New sanctions imposed,Simulated
2025-04-17,UK,Financial,Russia,New sanctions imposed,Simulated
2025-04-18,USA,Trade,Russia,New sanctions imposed,Simulated
2025-04-19,EU,Travel Ban,Russia,New sanctions imposed,Simulated
2025-04-20,EU,Trade,Russia,New sanctions imposed,Simulated
2025-04-21,USA,Travel Ban,Russia,New sanctions imposed,Simulated
2025-04-22,UK,Financial,Russia,New sanctions imposed,Simulated
2025-04-23,USA,Financial,Russia,New sanctions imposed,Simulated
2025-04-24,EU,Financial,Russia,New sanctions imposed,Simulated
2025-04-25,USA,Financial,Russia,New sanctions imposed,Simulated
2025-04-26,EU,Trade,Russia,New sanctions imposed,Simulated
2025-04-27,UK,Trade,Russia,New sanctions imposed,Simulated
2025-04-28,UK,Travel Ban,Russia,New sanctions imposed,Simulated
2025-04-29,EU,Trade,Russia,New sanctions imposed,Simulated
2025-04-30,USA,Trade,Russia,New sanctions imposed,Simulated
2025-05-01,EU,Travel Ban,Russia,New sanctions imposed,Simulated
2025-05-02,EU,Trade,Russia,New sanctions imposed,Simulated
2025-05-03,UK,Financial,Russia,New sanctions imposed,Simulated
2025-05-04,UK,Trade,Russia,New sanctions imposed,Simulated
2025-05-05,EU,Financial,Russia,New sanctions imposed,Simulated
2025-05-06,USA,Financial,Russia,New sanctions imposed,Simulated
