Date,Region,Controlled By,Change Type,Source
2022-02-24,Luhansk,Ukraine,Gained,Simulated
2022-02-25,Donetsk,Ukraine,No Change,Simulated
2022-02-26,Kharkiv,Russia,No Change,Simulated
2022-02-27,Donetsk,Russia,No Change,Simulated
2022-02-28,Donetsk,Ukraine,No Change,Simulated
2022-03-01,Donetsk,Ukraine,Lost,Simulated
2022-03-02,Zaporizhzhia,Russia,Gained,Simulated
2022-03-03,Zaporizhzhia,Russia,Gained,Simulated
2022-03-04,Zaporizhzhia,Russia,No Change,Simulated
2022-03-05,Zaporizhzhia,Ukraine,Gained,Simulated
2022-03-06,Donetsk,Russia,No Change,Simulated
2022-03-07,Donetsk,Russia,No Change,Simulated
2022-03-08,Zaporizhzhia,Russia,No Change,Simulated
2022-03-09,Zaporizhzhia,Ukraine,No Change,Simulated
2022-03-10,Kharkiv,Ukraine,Gained,Simulated
2022-03-11,Luhansk,Ukraine,Gained,Simulated
2022-03-12,Donetsk,Russia,No Change,Simulated
2022-03-13,Crimea,Ukraine,No Change,Simulated
2022-03-14,Donetsk,Ukraine,Lost,Simulated
2022-03-15,Kharkiv,Russia,Gained,Simulated
2022-03-16,Zaporizhzhia,Russia,Gained,Simulated
2022-03-17,Zaporizhzhia,Ukraine,No Change,Simulated
2022-03-18,Donetsk,Ukraine,Lost,Simulated
2022-03-19,Donetsk,Russia,Gained,Simulated
2022-03-20,Luhansk,Russia,No Change,Simulated
2022-03-21,Kharkiv,Ukraine,No Change,Simulated
2022-03-22,Zaporizhzhia,Ukraine,No Change,Simulated
2022-03-23,Donetsk,Ukraine,Lost,Simulated
2022-03-24,Zaporizhzhia,Ukraine,No Change,Simulated
2022-03-25,Zaporizhzhia,Russia,Gained,Simulated
2022-03-26,Luhansk,Ukraine,No Change,Simulated
2022-03-27,Crimea,Ukraine,Gained,Simulated
2022-03-28,Luhansk,Ukraine,Gained,Simulated
2022-03-29,Donetsk,Ukraine,Gained,Simulated
2022-03-30,Zaporizhzhia,Ukraine,Lost,Simulated
2022-03-31,Luhansk,Russia,Gained,Simulated
2022-04-01,Kharkiv,Russia,Lost,Simulated
2022-04-02,Luhansk,Russia,Lost,Simulated
2022-04-03,Kharkiv,Ukraine,Gained,Simulated
2022-04-04,Luhansk,Russia,Lost,Simulated
2022-04-05,Luhansk,Ukraine,Gained,Simulated
2022-04-06,Crimea,Ukraine,No Change,Simulated
2022-04-07,Zaporizhzhia,Ukraine,No Change,Simulated
2022-04-08,Crimea,Russia,No Change,Simulated
2022-04-09,Donetsk,Russia,No Change,Simulated
2022-04-10,Donetsk,Russia,Gained,Simulated
2022-04-11,Zaporizhzhia,Ukraine,Lost,Simulated
2022-04-12,Zaporizhzhia,Russia,No Change,Simulated
2022-04-13,Donetsk,Russia,Gained,Simulated
2022-04-14,Kharkiv,Ukraine,Lost,Simulated
2022-04-15,Luhansk,Russia,No Change,Simulated
2022-04-16,Kharkiv,Russia,Gained,Simulated
2022-04-17,Luhansk,Russia,Gained,Simulated
2022-04-18,Luhansk,Ukraine,No Change,Simulated
2022-04-19,Luhansk,Ukraine,No Change,Simulated
2022-04-20,Luhansk,Ukraine,No Change,Simulated
2022-04-21,Luhansk,Ukraine,Gained,Simulated
2022-04-22,Zaporizhzhia,Ukraine,No Change,Simulated
2022-04-23,Luhansk,Russia,No Change,Simulated
2022-04-24,Crimea,Russia,No Change,Simulated
2022-04-25,Donetsk,Ukraine,Gained,Simulated
2022-04-26,Donetsk,Russia,Gained,Simulated
2022-04-27,Kharkiv,Russia,No Change,Simulated
2022-04-28,Donetsk,Russia,Lost,Simulated
2022-04-29,Kharkiv,Russia,Gained,Simulated
2022-04-30,Crimea,Russia,Lost,Simulated
2022-05-01,Crimea,Ukraine,Lost,Simulated
2022-05-02,Kharkiv,Ukraine,Lost,Simulated
2022-05-03,Kharkiv,Ukraine,Lost,Simulated
2022-05-04,Zaporizhzhia,Russia,Lost,Simulated
2022-05-05,Luhansk,Ukraine,Lost,Simulated
2022-05-06,Kharkiv,Russia,Lost,Simulated
2022-05-07,Kharkiv,Russia,No Change,Simulated
2022-05-08,Zaporizhzhia,Ukraine,Gained,Simulated
2022-05-09,Zaporizhzhia,Russia,Gained,Simulated
2022-05-10,Crimea,Russia,No Change,Simulated
2022-05-11,Crimea,Russia,Gained,Simulated
2022-05-12,Crimea,Russia,Lost,Simulated
2022-05-13,Kharkiv,Russia,No Change,Simulated
2022-05-14,Crimea,Russia,Lost,Simulated
2022-05-15,Luhansk,Ukraine,No Change,Simulated
2022-05-16,Crimea,Russia,Lost,Simulated
2022-05-17,Crimea,Russia,Lost,Simulated
2022-05-18,Zaporizhzhia,Ukraine,Lost,Simulated
2022-05-19,Crimea,Ukraine,No Change,Simulated
2022-05-20,Zaporizhzhia,Ukraine,Gained,Simulated
2022-05-21,Kharkiv,Russia,Gained,Simulated
2022-05-22,Luhansk,Ukraine,No Change,Simulated
2022-05-23,Zaporizhzhia,Russia,Lost,Simulated
2022-05-24,Kharkiv,Ukraine,Gained,Simulated
2022-05-25,Luhansk,Ukraine,No Change,Simulated
2022-05-26,Zaporizhzhia,Russia,Lost,Simulated
2022-05-27,Zaporizhzhia,Russia,Gained,Simulated
2022-05-28,Donetsk,Russia,Gained,Simulated
2022-05-29,Zaporizhzhia,Ukraine,No Change,Simulated
2022-05-30,Zaporizhzhia,Ukraine,Lost,Simulated
2022-05-31,Donetsk,Russia,Gained,Simulated
2022-06-01,Crimea,Ukraine,No Change,Simulated
2022-06-02,Crimea,Russia,Gained,Simulated
2022-06-03,Donetsk,Russia,No Change,Simulated
2022-06-04,Luhansk,Russia,Lost,Simulated
2022-06-05,Luhansk,Ukraine,No Change,Simulated
2022-06-06,Luhansk,Russia,No Change,Simulated
2022-06-07,Zaporizhzhia,Russia,Gained,Simulated
2022-06-08,Crimea,Russia,No Change,Simulated
2022-06-09,Crimea,Ukraine,No Change,Simulated
2022-06-10,Luhansk,Ukraine,Lost,Simulated
2022-06-11,Kharkiv,Russia,No Change,Simulated
2022-06-12,Luhansk,Russia,Gained,Simulated
2022-06-13,Luhansk,Russia,Lost,Simulated
2022-06-14,Luhansk,Ukraine,No Change,Simulated
2022-06-15,Crimea,Ukraine,No Change,Simulated
2022-06-16,Luhansk,Russia,Lost,Simulated
2022-06-17,Zaporizhzhia,Russia,Lost,Simulated
2022-06-18,Luhansk,Ukraine,Gained,Simulated
2022-06-19,Zaporizhzhia,Russia,Lost,Simulated
2022-06-20,Luhansk,Russia,Lost,Simulated
2022-06-21,Kharkiv,Russia,Gained,Simulated
2022-06-22,Zaporizhzhia,Ukraine,No Change,Simulated
2022-06-23,Crimea,Ukraine,Lost,Simulated
2022-06-24,Luhansk,Ukraine,Lost,Simulated
2022-06-25,Zaporizhzhia,Russia,Gained,Simulated
2022-06-26,Kharkiv,Russia,Lost,Simulated
2022-06-27,Zaporizhzhia,Ukraine,No Change,Simulated
2022-06-28,Luhansk,Russia,Lost,Simulated
2022-06-29,Donetsk,Russia,No Change,Simulated
2022-06-30,Luhansk,Russia,No Change,Simulated
2022-07-01,Luhansk,Russia,No Change,Simulated
2022-07-02,Zaporizhzhia,Ukraine,No Change,Simulated
2022-07-03,Donetsk,Russia,Gained,Simulated
2022-07-04,Donetsk,Russia,Lost,Simulated
2022-07-05,Kharkiv,Russia,Lost,Simulated
2022-07-06,Donetsk,Ukraine,No Change,Simulated
2022-07-07,Zaporizhzhia,Russia,Lost,Simulated
2022-07-08,Crimea,Ukraine,Gained,Simulated
2022-07-09,Zaporizhzhia,Russia,Lost,Simulated
2022-07-10,Kharkiv,Ukraine,Gained,Simulated
2022-07-11,Donetsk,Russia,Gained,Simulated
2022-07-12,Zaporizhzhia,Russia,No Change,Simulated
2022-07-13,Kharkiv,Ukraine,Lost,Simulated
2022-07-14,Luhansk,Russia,Gained,Simulated
2022-07-15,Luhansk,Ukraine,No Change,Simulated
2022-07-16,Donetsk,Russia,Gained,Simulated
2022-07-17,Crimea,Ukraine,No Change,Simulated
2022-07-18,Crimea,Russia,No Change,Simulated
2022-07-19,Donetsk,Ukraine,Gained,Simulated
2022-07-20,Crimea,Russia,No Change,Simulated
2022-07-21,Kharkiv,Russia,Gained,Simulated
2022-07-22,Donetsk,Russia,Lost,Simulated
2022-07-23,Luhansk,Russia,Lost,Simulated
2022-07-24,Zaporizhzhia,Ukraine,Gained,Simulated
2022-07-25,Donetsk,Russia,Lost,Simulated
2022-07-26,Kharkiv,Ukraine,Lost,Simulated
2022-07-27,Kharkiv,Russia,Lost,Simulated
2022-07-28,Donetsk,Russia,Lost,Simulated
2022-07-29,Donetsk,Russia,No Change,Simulated
2022-07-30,Zaporizhzhia,Russia,No Change,Simulated
2022-07-31,Donetsk,Ukraine,No Change,Simulated
2022-08-01,Donetsk,Ukraine,No Change,Simulated
2022-08-02,Crimea,Russia,Lost,Simulated
2022-08-03,Kharkiv,Ukraine,Lost,Simulated
2022-08-04,Donetsk,Ukraine,Lost,Simulated
2022-08-05,Crimea,Russia,No Change,Simulated
2022-08-06,Zaporizhzhia,Russia,Lost,Simulated
2022-08-07,Zaporizhzhia,Ukraine,Lost,Simulated
2022-08-08,Crimea,Russia,No Change,Simulated
2022-08-09,Zaporizhzhia,Ukraine,No Change,Simulated
2022-08-10,Crimea,Ukraine,Gained,Simulated
2022-08-11,Zaporizhzhia,Ukraine,Gained,Simulated
2022-08-12,Zaporizhzhia,Ukraine,No Change,Simulated
2022-08-13,Zaporizhzhia,Russia,Gained,Simulated
2022-08-14,Kharkiv,Russia,Gained,Simulated
2022-08-15,Zaporizhzhia,Ukraine,Gained,Simulated
2022-08-16,Donetsk,Russia,Gained,Simulated
2022-08-17,Donetsk,Russia,No Change,Simulated
2022-08-18,Zaporizhzhia,Russia,Gained,Simulated
2022-08-19,Zaporizhzhia,Russia,Lost,Simulated
2022-08-20,Luhansk,Ukraine,Gained,Simulated
2022-08-21,Kharkiv,Russia,Lost,Simulated
2022-08-22,Crimea,Russia,Gained,Simulated
2022-08-23,Donetsk,Ukraine,Lost,Simulated
2022-08-24,Kharkiv,Ukraine,Gained,Simulated
2022-08-25,Zaporizhzhia,Russia,Lost,Simulated
2022-08-26,Zaporizhzhia,Ukraine,Gained,Simulated
2022-08-27,Luhansk,Russia,Lost,Simulated
2022-08-28,Kharkiv,Russia,No Change,Simulated
2022-08-29,Kharkiv,Russia,No Change,Simulated
2022-08-30,Kharkiv,Russia,Lost,Simulated
2022-08-31,Crimea,Russia,Gained,Simulated
2022-09-01,Crimea,Russia,Gained,Simulated
2022-09-02,Kharkiv,Ukraine,Gained,Simulated
2022-09-03,Donetsk,Russia,Lost,Simulated
2022-09-04,Zaporizhzhia,Russia,No Change,Simulated
2022-09-05,Crimea,Ukraine,Lost,Simulated
2022-09-06,Donetsk,Ukraine,Lost,Simulated
2022-09-07,Zaporizhzhia,Russia,Gained,Simulated
2022-09-08,Donetsk,Russia,Gained,Simulated
2022-09-09,Zaporizhzhia,Ukraine,Lost,Simulated
2022-09-10,Luhansk,Russia,Gained,Simulated
2022-09-11,Crimea,Russia,Gained,Simulated
2022-09-12,Donetsk,Ukraine,Gained,Simulated
2022-09-13,Zaporizhzhia,Ukraine,No Change,Simulated
2022-09-14,Donetsk,Russia,Lost,Simulated
2022-09-15,Kharkiv,Russia,Gained,Simulated
2022-09-16,Zaporizhzhia,Ukraine,Gained,Simulated
2022-09-17,Donetsk,Ukraine,No Change,Simulated
2022-09-18,Zaporizhzhia,Ukraine,No Change,Simulated
2022-09-19,Kharkiv,Ukraine,Gained,Simulated
2022-09-20,Donetsk,Ukraine,No Change,Simulated
2022-09-21,Luhansk,Ukraine,No Change,Simulated
2022-09-22,Zaporizhzhia,Ukraine,No Change,Simulated
2022-09-23,Zaporizhzhia,Ukraine,Gained,Simulated
2022-09-24,Zaporizhzhia,Russia,Gained,Simulated
2022-09-25,Donetsk,Ukraine,Lost,Simulated
2022-09-26,Kharkiv,Ukraine,Lost,Simulated
2022-09-27,Zaporizhzhia,Russia,Lost,Simulated
2022-09-28,Luhansk,Russia,No Change,Simulated
2022-09-29,Crimea,Russia,Lost,Simulated
2022-09-30,Crimea,Russia,No Change,Simulated
2022-10-01,Donetsk,Russia,Lost,Simulated
2022-10-02,Kharkiv,Russia,Lost,Simulated
2022-10-03,Kharkiv,Russia,Lost,Simulated
2022-10-04,Donetsk,Russia,No Change,Simulated
2022-10-05,Luhansk,Russia,Gained,Simulated
2022-10-06,Crimea,Ukraine,No Change,Simulated
2022-10-07,Kharkiv,Ukraine,Gained,Simulated
2022-10-08,Crimea,Ukraine,Gained,Simulated
2022-10-09,Zaporizhzhia,Ukraine,Lost,Simulated
2022-10-10,Donetsk,Russia,Lost,Simulated
2022-10-11,Crimea,Ukraine,No Change,Simulated
2022-10-12,Donetsk,Ukraine,Lost,Simulated
2022-10-13,Luhansk,Ukraine,Gained,Simulated
2022-10-14,Luhansk,Russia,No Change,Simulated
2022-10-15,Zaporizhzhia,Ukraine,No Change,Simulated
2022-10-16,Luhansk,Russia,Gained,Simulated
2022-10-17,Crimea,Russia,Gained,Simulated
2022-10-18,Crimea,Ukraine,No Change,Simulated
2022-10-19,Zaporizhzhia,Russia,Gained,Simulated
2022-10-20,Crimea,Ukraine,Gained,Simulated
2022-10-21,Kharkiv,Ukraine,Lost,Simulated
2022-10-22,Kharkiv,Ukraine,Lost,Simulated
2022-10-23,Donetsk,Ukraine,Lost,Simulated
2022-10-24,Donetsk,Ukraine,Lost,Simulated
2022-10-25,Zaporizhzhia,Ukraine,Lost,Simulated
2022-10-26,Crimea,Russia,Lost,Simulated
2022-10-27,Donetsk,Ukraine,Lost,Simulated
2022-10-28,Kharkiv,Ukraine,No Change,Simulated
2022-10-29,Zaporizhzhia,Ukraine,Lost,Simulated
2022-10-30,Zaporizhzhia,Russia,Gained,Simulated
2022-10-31,Luhansk,Ukraine,No Change,Simulated
2022-11-01,Kharkiv,Ukraine,No Change,Simulated
2022-11-02,Zaporizhzhia,Ukraine,No Change,Simulated
2022-11-03,Kharkiv,Russia,No Change,Simulated
2022-11-04,Donetsk,Ukraine,No Change,Simulated
2022-11-05,Crimea,Ukraine,Lost,Simulated
2022-11-06,Crimea,Ukraine,No Change,Simulated
2022-11-07,Kharkiv,Ukraine,Lost,Simulated
2022-11-08,Kharkiv,Russia,Gained,Simulated
2022-11-09,Luhansk,Russia,Lost,Simulated
2022-11-10,Donetsk,Russia,Gained,Simulated
2022-11-11,Kharkiv,Russia,No Change,Simulated
2022-11-12,Zaporizhzhia,Russia,Gained,Simulated
2022-11-13,Zaporizhzhia,Ukraine,No Change,Simulated
2022-11-14,Zaporizhzhia,Ukraine,Gained,Simulated
2022-11-15,Luhansk,Russia,No Change,Simulated
2022-11-16,Luhansk,Ukraine,Lost,Simulated
2022-11-17,Kharkiv,Ukraine,Gained,Simulated
2022-11-18,Luhansk,Ukraine,No Change,Simulated
2022-11-19,Donetsk,Ukraine,Lost,Simulated
2022-11-20,Luhansk,Russia,No Change,Simulated
2022-11-21,Luhansk,Ukraine,Lost,Simulated
2022-11-22,Kharkiv,Russia,No Change,Simulated
2022-11-23,Crimea,Russia,Gained,Simulated
2022-11-24,Donetsk,Russia,Gained,Simulated
2022-11-25,Luhansk,Russia,Gained,Simulated
2022-11-26,Donetsk,Russia,Lost,Simulated
2022-11-27,Zaporizhzhia,Ukraine,No Change,Simulated
2022-11-28,Kharkiv,Ukraine,Lost,Simulated
2022-11-29,Kharkiv,Ukraine,No Change,Simulated
2022-11-30,Kharkiv,Russia,No Change,Simulated
2022-12-01,Kharkiv,Ukraine,Lost,Simulated
2022-12-02,Donetsk,Russia,No Change,Simulated
2022-12-03,Luhansk,Ukraine,Gained,Simulated
2022-12-04,Luhansk,Russia,Gained,Simulated
2022-12-05,Luhansk,Russia,Lost,Simulated
2022-12-06,Luhansk,Ukraine,Gained,Simulated
2022-12-07,Crimea,Russia,No Change,Simulated
2022-12-08,Zaporizhzhia,Russia,No Change,Simulated
2022-12-09,Luhansk,Ukraine,No Change,Simulated
2022-12-10,Crimea,Ukraine,No Change,Simulated
2022-12-11,Crimea,Ukraine,Gained,Simulated
2022-12-12,Luhansk,Russia,Gained,Simulated
2022-12-13,Crimea,Russia,Lost,Simulated
2022-12-14,Crimea,Russia,Lost,Simulated
2022-12-15,Luhansk,Ukraine,No Change,Simulated
2022-12-16,Luhansk,Russia,Lost,Simulated
2022-12-17,Kharkiv,Russia,Gained,Simulated
2022-12-18,Zaporizhzhia,Russia,No Change,Simulated
2022-12-19,Kharkiv,Ukraine,Gained,Simulated
2022-12-20,Zaporizhzhia,Ukraine,Gained,Simulated
2022-12-21,Crimea,Russia,Lost,Simulated
2022-12-22,Kharkiv,Ukraine,No Change,Simulated
2022-12-23,Kharkiv,Ukraine,No Change,Simulated
2022-12-24,Donetsk,Russia,Lost,Simulated
2022-12-25,Luhansk,Ukraine,No Change,Simulated
2022-12-26,Donetsk,Ukraine,Gained,Simulated
2022-12-27,Crimea,Russia,Lost,Simulated
2022-12-28,Kharkiv,Ukraine,Lost,Simulated
2022-12-29,Kharkiv,Russia,Gained,Simulated
2022-12-30,Donetsk,Russia,No Change,Simulated
2022-12-31,Zaporizhzhia,Russia,Gained,Simulated
2023-01-01,Zaporizhzhia,Russia,Lost,Simulated
2023-01-02,Kharkiv,Russia,Lost,Simulated
2023-01-03,Luhansk,Russia,Gained,Simulated
2023-01-04,Donetsk,Russia,Lost,Simulated
2023-01-05,Crimea,Ukraine,Lost,Simulated
2023-01-06,Crimea,Russia,Lost,Simulated
2023-01-07,Zaporizhzhia,Ukraine,No Change,Simulated
2023-01-08,Crimea,Ukraine,No Change,Simulated
2023-01-09,Luhansk,Russia,Lost,Simulated
2023-01-10,Kharkiv,Ukraine,Gained,Simulated
2023-01-11,Zaporizhzhia,Russia,Lost,Simulated
2023-01-12,Luhansk,Ukraine,No Change,Simulated
2023-01-13,Luhansk,Ukraine,Gained,Simulated
2023-01-14,Kharkiv,Ukraine,Lost,Simulated
2023-01-15,Kharkiv,Russia,Lost,Simulated
2023-01-16,Luhansk,Ukraine,Lost,Simulated
2023-01-17,Kharkiv,Ukraine,Gained,Simulated
2023-01-18,Zaporizhzhia,Russia,Gained,Simulated
2023-01-19,Kharkiv,Russia,Gained,Simulated
2023-01-20,Zaporizhzhia,Ukraine,Gained,Simulated
2023-01-21,Zaporizhzhia,Russia,Gained,Simulated
2023-01-22,Zaporizhzhia,Ukraine,Gained,Simulated
2023-01-23,Crimea,Russia,Lost,Simulated
2023-01-24,Donetsk,Russia,Lost,Simulated
2023-01-25,Zaporizhzhia,Russia,Lost,Simulated
2023-01-26,Kharkiv,Russia,Gained,Simulated
2023-01-27,Kharkiv,Russia,Lost,Simulated
2023-01-28,Crimea,Ukraine,No Change,Simulated
2023-01-29,Donetsk,Ukraine,Gained,Simulated
2023-01-30,Donetsk,Ukraine,Gained,Simulated
2023-01-31,Zaporizhzhia,Ukraine,No Change,Simulated
2023-02-01,Donetsk,Ukraine,No Change,Simulated
2023-02-02,Zaporizhzhia,Ukraine,Gained,Simulated
2023-02-03,Kharkiv,Russia,Lost,Simulated
2023-02-04,Zaporizhzhia,Ukraine,Lost,Simulated
2023-02-05,Zaporizhzhia,Russia,Lost,Simulated
2023-02-06,Crimea,Ukraine,No Change,Simulated
2023-02-07,Kharkiv,Russia,No Change,Simulated
2023-02-08,Donetsk,Ukraine,Lost,Simulated
2023-02-09,Crimea,Russia,No Change,Simulated
2023-02-10,Zaporizhzhia,Russia,Gained,Simulated
2023-02-11,Crimea,Ukraine,No Change,Simulated
2023-02-12,Donetsk,Russia,Gained,Simulated
2023-02-13,Kharkiv,Ukraine,Gained,Simulated
2023-02-14,Zaporizhzhia,Russia,Lost,Simulated
2023-02-15,Crimea,Ukraine,Gained,Simulated
2023-02-16,Zaporizhzhia,Russia,No Change,Simulated
2023-02-17,Luhansk,Ukraine,Lost,Simulated
2023-02-18,Luhansk,Ukraine,No Change,Simulated
2023-02-19,Kharkiv,Russia,Lost,Simulated
2023-02-20,Luhansk,Russia,Gained,Simulated
2023-02-21,Crimea,Russia,Gained,Simulated
2023-02-22,Crimea,Ukraine,Gained,Simulated
2023-02-23,Kharkiv,Russia,Lost,Simulated
2023-02-24,Kharkiv,Russia,Lost,Simulated
2023-02-25,Crimea,Russia,Gained,Simulated
2023-02-26,Zaporizhzhia,Russia,Gained,Simulated
2023-02-27,Zaporizhzhia,Ukraine,No Change,Simulated
2023-02-28,Luhansk,Ukraine,Gained,Simulated
2023-03-01,Luhansk,Ukraine,Gained,Simulated
2023-03-02,Luhansk,Russia,Gained,Simulated
2023-03-03,Donetsk,Russia,Lost,Simulated
2023-03-04,Crimea,Ukraine,Gained,Simulated
2023-03-05,Kharkiv,Russia,Gained,Simulated
2023-03-06,Zaporizhzhia,Ukraine,Gained,Simulated
2023-03-07,Donetsk,Ukraine,Gained,Simulated
2023-03-08,Crimea,Ukraine,Gained,Simulated
2023-03-09,Crimea,Russia,Lost,Simulated
2023-03-10,Zaporizhzhia,Russia,No Change,Simulated
2023-03-11,Kharkiv,Russia,No Change,Simulated
2023-03-12,Zaporizhzhia,Russia,No Change,Simulated
2023-03-13,Luhansk,Russia,Lost,Simulated
2023-03-14,Donetsk,Russia,No Change,Simulated
2023-03-15,Kharkiv,Ukraine,No Change,Simulated
2023-03-16,Donetsk,Ukraine,No Change,Simulated
2023-03-17,Donetsk,Russia,Lost,Simulated
2023-03-18,Kharkiv,Russia,Gained,Simulated
2023-03-19,Luhansk,Ukraine,Gained,Simulated
2023-03-20,Luhansk,Ukraine,Gained,Simulated
2023-03-21,Crimea,Russia,Lost,Simulated
2023-03-22,Zaporizhzhia,Russia,No Change,Simulated
2023-03-23,Luhansk,Russia,Lost,Simulated
2023-03-24,Zaporizhzhia,Russia,Lost,Simulated
2023-03-25,Crimea,Russia,Gained,Simulated
2023-03-26,Donetsk,Ukraine,No Change,Simulated
2023-03-27,Luhansk,Ukraine,No Change,Simulated
2023-03-28,Luhansk,Russia,Gained,Simulated
2023-03-29,Kharkiv,Russia,Gained,Simulated
2023-03-30,Zaporizhzhia,Russia,No Change,Simulated
2023-03-31,Kharkiv,Russia,Lost,Simulated
2023-04-01,Kharkiv,Russia,Lost,Simulated
2023-04-02,Crimea,Ukraine,Lost,Simulated
2023-04-03,Zaporizhzhia,Russia,Lost,Simulated
2023-04-04,Zaporizhzhia,Ukraine,Lost,Simulated
2023-04-05,Luhansk,Ukraine,No Change,Simulated
2023-04-06,Luhansk,Russia,No Change,Simulated
2023-04-07,Zaporizhzhia,Russia,Gained,Simulated
2023-04-08,Donetsk,Ukraine,No Change,Simulated
2023-04-09,Luhansk,Russia,Lost,Simulated
2023-04-10,Donetsk,Ukraine,Lost,Simulated
2023-04-11,Crimea,Ukraine,Lost,Simulated
2023-04-12,Zaporizhzhia,Ukraine,Gained,Simulated
2023-04-13,Zaporizhzhia,Ukraine,Lost,Simulated
2023-04-14,Crimea,Russia,Gained,Simulated
2023-04-15,Kharkiv,Russia,Gained,Simulated
2023-04-16,Luhansk,Russia,Lost,Simulated
2023-04-17,Luhansk,Ukraine,Lost,Simulated
2023-04-18,Luhansk,Russia,No Change,Simulated
2023-04-19,Luhansk,Ukraine,Gained,Simulated
2023-04-20,Donetsk,Russia,Lost,Simulated
2023-04-21,Donetsk,Russia,Gained,Simulated
2023-04-22,Luhansk,Ukraine,No Change,Simulated
2023-04-23,Kharkiv,Russia,Lost,Simulated
2023-04-24,Kharkiv,Russia,Gained,Simulated
2023-04-25,Zaporizhzhia,Russia,Gained,Simulated
2023-04-26,Donetsk,Ukraine,No Change,Simulated
2023-04-27,Luhansk,Russia,Lost,Simulated
2023-04-28,Luhansk,Russia,Gained,Simulated
2023-04-29,Luhansk,Ukraine,Gained,Simulated
2023-04-30,Luhansk,Ukraine,Gained,Simulated
2023-05-01,Crimea,Russia,Lost,Simulated
2023-05-02,Crimea,Ukraine,Gained,Simulated
2023-05-03,Kharkiv,Russia,Lost,Simulated
2023-05-04,Luhansk,Ukraine,Gained,Simulated
2023-05-05,Luhansk,Ukraine,Gained,Simulated
2023-05-06,Donetsk,Ukraine,No Change,Simulated
2023-05-07,Kharkiv,Ukraine,No Change,Simulated
2023-05-08,Donetsk,Ukraine,No Change,Simulated
2023-05-09,Kharkiv,Ukraine,Lost,Simulated
2023-05-10,Crimea,Russia,Lost,Simulated
2023-05-11,Zaporizhzhia,Russia,Lost,Simulated
2023-05-12,Luhansk,Russia,Lost,Simulated
2023-05-13,Luhansk,Russia,Lost,Simulated
2023-05-14,Kharkiv,Ukraine,Lost,Simulated
2023-05-15,Luhansk,Russia,No Change,Simulated
2023-05-16,Luhansk,Ukraine,No Change,Simulated
2023-05-17,Kharkiv,Russia,Lost,Simulated
2023-05-18,Crimea,Ukraine,Gained,Simulated
2023-05-19,Crimea,Ukraine,Gained,Simulated
2023-05-20,Donetsk,Ukraine,Lost,Simulated
2023-05-21,Zaporizhzhia,Russia,Gained,Simulated
2023-05-22,Kharkiv,Ukraine,Gained,Simulated
2023-05-23,Zaporizhzhia,Russia,Lost,Simulated
2023-05-24,Luhansk,Ukraine,Lost,Simulated
2023-05-25,Luhansk,Ukraine,Gained,Simulated
2023-05-26,Luhansk,Russia,Gained,Simulated
2023-05-27,Luhansk,Russia,Gained,Simulated
2023-05-28,Crimea,Ukraine,No Change,Simulated
2023-05-29,Luhansk,Ukraine,Gained,Simulated
2023-05-30,Crimea,Russia,No Change,Simulated
2023-05-31,Crimea,Ukraine,Lost,Simulated
2023-06-01,Crimea,Ukraine,No Change,Simulated
2023-06-02,Luhansk,Ukraine,Gained,Simulated
2023-06-03,Kharkiv,Ukraine,No Change,Simulated
2023-06-04,Kharkiv,Ukraine,No Change,Simulated
2023-06-05,Luhansk,Ukraine,Lost,Simulated
2023-06-06,Kharkiv,Ukraine,No Change,Simulated
2023-06-07,Donetsk,Russia,Gained,Simulated
2023-06-08,Luhansk,Ukraine,No Change,Simulated
2023-06-09,Crimea,Ukraine,Lost,Simulated
2023-06-10,Luhansk,Russia,Gained,Simulated
2023-06-11,Donetsk,Russia,No Change,Simulated
2023-06-12,Crimea,Ukraine,Gained,Simulated
2023-06-13,Donetsk,Ukraine,Gained,Simulated
2023-06-14,Kharkiv,Ukraine,Gained,Simulated
2023-06-15,Zaporizhzhia,Ukraine,No Change,Simulated
2023-06-16,Luhansk,Ukraine,Gained,Simulated
2023-06-17,Crimea,Ukraine,Lost,Simulated
2023-06-18,Luhansk,Russia,Lost,Simulated
2023-06-19,Crimea,Russia,Lost,Simulated
2023-06-20,Luhansk,Russia,Lost,Simulated
2023-06-21,Kharkiv,Ukraine,Gained,Simulated
2023-06-22,Zaporizhzhia,Ukraine,Gained,Simulated
2023-06-23,Luhansk,Russia,Gained,Simulated
2023-06-24,Luhansk,Ukraine,Gained,Simulated
2023-06-25,Donetsk,Ukraine,Lost,Simulated
2023-06-26,Donetsk,Ukraine,Gained,Simulated
2023-06-27,Donetsk,Russia,Lost,Simulated
2023-06-28,Luhansk,Russia,Gained,Simulated
2023-06-29,Luhansk,Ukraine,Lost,Simulated
2023-06-30,Crimea,Russia,No Change,Simulated
2023-07-01,Luhansk,Ukraine,Gained,Simulated
2023-07-02,Kharkiv,Russia,Lost,Simulated
2023-07-03,Crimea,Russia,No Change,Simulated
2023-07-04,Luhansk,Ukraine,Lost,Simulated
2023-07-05,Crimea,Russia,Gained,Simulated
2023-07-06,Kharkiv,Ukraine,No Change,Simulated
2023-07-07,Zaporizhzhia,Russia,Lost,Simulated
2023-07-08,Donetsk,Russia,No Change,Simulated
2023-07-09,Donetsk,Russia,No Change,Simulated
2023-07-10,Donetsk,Russia,Gained,Simulated
2023-07-11,Luhansk,Ukraine,Gained,Simulated
2023-07-12,Crimea,Ukraine,Gained,Simulated
2023-07-13,Zaporizhzhia,Ukraine,Gained,Simulated
2023-07-14,Crimea,Russia,No Change,Simulated
2023-07-15,Zaporizhzhia,Ukraine,Gained,Simulated
2023-07-16,Crimea,Ukraine,No Change,Simulated
2023-07-17,Kharkiv,Russia,Gained,Simulated
2023-07-18,Crimea,Ukraine,No Change,Simulated
2023-07-19,Crimea,Russia,Gained,Simulated
2023-07-20,Zaporizhzhia,Ukraine,No Change,Simulated
2023-07-21,Kharkiv,Ukraine,Lost,Simulated
2023-07-22,Kharkiv,Ukraine,Lost,Simulated
2023-07-23,Crimea,Ukraine,Lost,Simulated
2023-07-24,Kharkiv,Russia,No Change,Simulated
2023-07-25,Crimea,Ukraine,Lost,Simulated
2023-07-26,Crimea,Russia,Gained,Simulated
2023-07-27,Zaporizhzhia,Russia,Lost,Simulated
2023-07-28,Crimea,Ukraine,Gained,Simulated
2023-07-29,Luhansk,Russia,No Change,Simulated
2023-07-30,Luhansk,Russia,No Change,Simulated
2023-07-31,Kharkiv,Ukraine,No Change,Simulated
2023-08-01,Kharkiv,Russia,No Change,Simulated
2023-08-02,Crimea,Ukraine,Lost,Simulated
2023-08-03,Zaporizhzhia,Russia,Lost,Simulated
2023-08-04,Luhansk,Russia,Lost,Simulated
2023-08-05,Zaporizhzhia,Ukraine,Lost,Simulated
2023-08-06,Donetsk,Russia,No Change,Simulated
2023-08-07,Crimea,Ukraine,No Change,Simulated
2023-08-08,Crimea,Ukraine,Gained,Simulated
2023-08-09,Zaporizhzhia,Ukraine,Lost,Simulated
2023-08-10,Donetsk,Ukraine,Gained,Simulated
2023-08-11,Donetsk,Ukraine,Lost,Simulated
2023-08-12,Luhansk,Russia,No Change,Simulated
2023-08-13,Crimea,Russia,No Change,Simulated
2023-08-14,Donetsk,Russia,Lost,Simulated
2023-08-15,Crimea,Russia,No Change,Simulated
2023-08-16,Luhansk,Ukraine,Gained,Simulated
2023-08-17,Luhansk,Ukraine,Gained,Simulated
2023-08-18,Crimea,Russia,Lost,Simulated
2023-08-19,Luhansk,Ukraine,Gained,Simulated
2023-08-20,Donetsk,Russia,No Change,Simulated
2023-08-21,Zaporizhzhia,Ukraine,No Change,Simulated
2023-08-22,Zaporizhzhia,Ukraine,No Change,Simulated
2023-08-23,Crimea,Russia,Gained,Simulated
2023-08-24,Kharkiv,Ukraine,Gained,Simulated
2023-08-25,Luhansk,Ukraine,Lost,Simulated
2023-08-26,Kharkiv,Russia,Lost,Simulated
2023-08-27,Luhansk,Russia,Lost,Simulated
2023-08-28,Zaporizhzhia,Russia,No Change,Simulated
2023-08-29,Crimea,Russia,Lost,Simulated
2023-08-30,Kharkiv,Russia,Gained,Simulated
2023-08-31,Crimea,Ukraine,Gained,Simulated
2023-09-01,Luhansk,Russia,Lost,Simulated
2023-09-02,Kharkiv,Ukraine,Gained,Simulated
2023-09-03,Crimea,Russia,Gained,Simulated
2023-09-04,Luhansk,Ukraine,Gained,Simulated
2023-09-05,Crimea,Russia,Lost,Simulated
2023-09-06,Kharkiv,Russia,Gained,Simulated
2023-09-07,Zaporizhzhia,Russia,No Change,Simulated
2023-09-08,Crimea,Russia,No Change,Simulated
2023-09-09,Crimea,Ukraine,No Change,Simulated
2023-09-10,Luhansk,Russia,No Change,Simulated
2023-09-11,Zaporizhzhia,Ukraine,No Change,Simulated
2023-09-12,Kharkiv,Ukraine,Gained,Simulated
2023-09-13,Zaporizhzhia,Ukraine,Lost,Simulated
2023-09-14,Luhansk,Ukraine,Gained,Simulated
2023-09-15,Kharkiv,Russia,No Change,Simulated
2023-09-16,Zaporizhzhia,Ukraine,Gained,Simulated
2023-09-17,Crimea,Russia,Lost,Simulated
2023-09-18,Kharkiv,Ukraine,Lost,Simulated
2023-09-19,Crimea,Ukraine,Gained,Simulated
2023-09-20,Luhansk,Russia,Gained,Simulated
2023-09-21,Luhansk,Ukraine,Lost,Simulated
2023-09-22,Kharkiv,Ukraine,No Change,Simulated
2023-09-23,Luhansk,Ukraine,Gained,Simulated
2023-09-24,Donetsk,Ukraine,No Change,Simulated
2023-09-25,Donetsk,Ukraine,Lost,Simulated
2023-09-26,Donetsk,Russia,No Change,Simulated
2023-09-27,Luhansk,Ukraine,Gained,Simulated
2023-09-28,Donetsk,Russia,Gained,Simulated
2023-09-29,Zaporizhzhia,Ukraine,Lost,Simulated
2023-09-30,Kharkiv,Ukraine,No Change,Simulated
2023-10-01,Luhansk,Ukraine,Gained,Simulated
2023-10-02,Luhansk,Russia,Lost,Simulated
2023-10-03,Luhansk,Russia,Gained,Simulated
2023-10-04,Kharkiv,Ukraine,Gained,Simulated
2023-10-05,Kharkiv,Russia,Gained,Simulated
2023-10-06,Donetsk,Ukraine,Lost,Simulated
2023-10-07,Donetsk,Russia,No Change,Simulated
2023-10-08,Donetsk,Russia,Lost,Simulated
2023-10-09,Crimea,Ukraine,Lost,Simulated
2023-10-10,Luhansk,Ukraine,Gained,Simulated
2023-10-11,Donetsk,Ukraine,Gained,Simulated
2023-10-12,Crimea,Ukraine,No Change,Simulated
2023-10-13,Kharkiv,Russia,Lost,Simulated
2023-10-14,Crimea,Ukraine,Gained,Simulated
2023-10-15,Crimea,Ukraine,Lost,Simulated
2023-10-16,Zaporizhzhia,Ukraine,No Change,Simulated
2023-10-17,Zaporizhzhia,Russia,Lost,Simulated
2023-10-18,Donetsk,Russia,Lost,Simulated
2023-10-19,Luhansk,Russia,Gained,Simulated
2023-10-20,Kharkiv,Ukraine,No Change,Simulated
2023-10-21,Kharkiv,Ukraine,No Change,Simulated
2023-10-22,Kharkiv,Ukraine,No Change,Simulated
2023-10-23,Crimea,Russia,Lost,Simulated
2023-10-24,Crimea,Ukraine,Gained,Simulated
2023-10-25,Zaporizhzhia,Russia,No Change,Simulated
2023-10-26,Crimea,Russia,Lost,Simulated
2023-10-27,Luhansk,Russia,Gained,Simulated
2023-10-28,Donetsk,Ukraine,Lost,Simulated
2023-10-29,Crimea,Ukraine,No Change,Simulated
2023-10-30,Donetsk,Russia,Gained,Simulated
2023-10-31,Crimea,Russia,Lost,Simulated
2023-11-01,Luhansk,Russia,Gained,Simulated
2023-11-02,Crimea,Ukraine,No Change,Simulated
2023-11-03,Kharkiv,Ukraine,Gained,Simulated
2023-11-04,Crimea,Ukraine,No Change,Simulated
2023-11-05,Crimea,Ukraine,No Change,Simulated
2023-11-06,Zaporizhzhia,Ukraine,Gained,Simulated
2023-11-07,Luhansk,Russia,Gained,Simulated
2023-11-08,Zaporizhzhia,Russia,Gained,Simulated
2023-11-09,Donetsk,Ukraine,Gained,Simulated
2023-11-10,Donetsk,Ukraine,No Change,Simulated
2023-11-11,Zaporizhzhia,Russia,Gained,Simulated
2023-11-12,Zaporizhzhia,Russia,Gained,Simulated
2023-11-13,Zaporizhzhia,Ukraine,No Change,Simulated
2023-11-14,Kharkiv,Ukraine,Lost,Simulated
2023-11-15,Kharkiv,Ukraine,Lost,Simulated
2023-11-16,Zaporizhzhia,Ukraine,Lost,Simulated
2023-11-17,Zaporizhzhia,Ukraine,No Change,Simulated
2023-11-18,Luhansk,Russia,Gained,Simulated
2023-11-19,Zaporizhzhia,Ukraine,Gained,Simulated
2023-11-20,Zaporizhzhia,Ukraine,No Change,Simulated
2023-11-21,Crimea,Ukraine,No Change,Simulated
2023-11-22,Zaporizhzhia,Russia,Lost,Simulated
2023-11-23,Donetsk,Russia,No Change,Simulated
2023-11-24,Crimea,Ukraine,No Change,Simulated
2023-11-25,Kharkiv,Ukraine,Lost,Simulated
2023-11-26,Zaporizhzhia,Russia,No Change,Simulated
2023-11-27,Luhansk,Russia,Gained,Simulated
2023-11-28,Kharkiv,Russia,No Change,Simulated
2023-11-29,Luhansk,Russia,Gained,Simulated
2023-11-30,Zaporizhzhia,Ukraine,No Change,Simulated
2023-12-01,Zaporizhzhia,Ukraine,Lost,Simulated
2023-12-02,Kharkiv,Ukraine,No Change,Simulated
2023-12-03,Donetsk,Ukraine,No Change,Simulated
2023-12-04,Kharkiv,Ukraine,Lost,Simulated
2023-12-05,Kharkiv,Ukraine,Gained,Simulated
2023-12-06,Donetsk,Ukraine,Gained,Simulated
2023-12-07,Crimea,Ukraine,Gained,Simulated
2023-12-08,Crimea,Russia,No Change,Simulated
2023-12-09,Zaporizhzhia,Russia,No Change,Simulated
2023-12-10,Kharkiv,Russia,No Change,Simulated
2023-12-11,Zaporizhzhia,Ukraine,No Change,Simulated
2023-12-12,Donetsk,Ukraine,Lost,Simulated
2023-12-13,Donetsk,Russia,Lost,Simulated
2023-12-14,Zaporizhzhia,Russia,No Change,Simulated
2023-12-15,Luhansk,Russia,Lost,Simulated
2023-12-16,Donetsk,Russia,No Change,Simulated
2023-12-17,Zaporizhzhia,Russia,Lost,Simulated
2023-12-18,Kharkiv,Russia,Lost,Simulated
2023-12-19,Donetsk,Russia,No Change,Simulated
2023-12-20,Crimea,Russia,Lost,Simulated
2023-12-21,Donetsk,Ukraine,Lost,Simulated
2023-12-22,Kharkiv,Ukraine,Lost,Simulated
2023-12-23,Luhansk,Ukraine,Lost,Simulated
2023-12-24,Zaporizhzhia,Ukraine,Lost,Simulated
2023-12-25,Kharkiv,Ukraine,Lost,Simulated
2023-12-26,Donetsk,Ukraine,Gained,Simulated
2023-12-27,Luhansk,Ukraine,Lost,Simulated
2023-12-28,Crimea,Russia,Gained,Simulated
2023-12-29,Donetsk,Ukraine,Gained,Simulated
2023-12-30,Crimea,Ukraine,Lost,Simulated
2023-12-31,Zaporizhzhia,Russia,No Change,Simulated
2024-01-01,Zaporizhzhia,Ukraine,No Change,Simulated
2024-01-02,Donetsk,Russia,No Change,Simulated
2024-01-03,Zaporizhzhia,Ukraine,No Change,Simulated
2024-01-04,Crimea,Ukraine,No Change,Simulated
2024-01-05,Zaporizhzhia,Russia,No Change,Simulated
2024-01-06,Donetsk,Russia,No Change,Simulated
2024-01-07,Crimea,Russia,Lost,Simulated
2024-01-08,Zaporizhzhia,Ukraine,No Change,Simulated
2024-01-09,Kharkiv,Ukraine,Lost,Simulated
2024-01-10,Donetsk,Russia,Gained,Simulated
2024-01-11,Crimea,Russia,No Change,Simulated
2024-01-12,Crimea,Russia,No Change,Simulated
2024-01-13,Luhansk,Ukraine,Gained,Simulated
2024-01-14,Luhansk,Russia,No Change,Simulated
2024-01-15,Donetsk,Russia,No Change,Simulated
2024-01-16,Kharkiv,Ukraine,Gained,Simulated
2024-01-17,Kharkiv,Ukraine,Lost,Simulated
2024-01-18,Crimea,Russia,Lost,Simulated
2024-01-19,Kharkiv,Russia,Lost,Simulated
2024-01-20,Donetsk,Ukraine,Gained,Simulated
2024-01-21,Kharkiv,Ukraine,Gained,Simulated
2024-01-22,Zaporizhzhia,Ukraine,No Change,Simulated
2024-01-23,Donetsk,Ukraine,Gained,Simulated
2024-01-24,Kharkiv,Russia,Gained,Simulated
2024-01-25,Luhansk,Ukraine,Gained,Simulated
2024-01-26,Crimea,Ukraine,Gained,Simulated
2024-01-27,Zaporizhzhia,Ukraine,Lost,Simulated
2024-01-28,Zaporizhzhia,Russia,Lost,Simulated
2024-01-29,Luhansk,Russia,No Change,Simulated
2024-01-30,Luhansk,Ukraine,No Change,Simulated
2024-01-31,Crimea,Ukraine,Gained,Simulated
2024-02-01,Zaporizhzhia,Ukraine,No Change,Simulated
2024-02-02,Luhansk,Russia,Gained,Simulated
2024-02-03,Zaporizhzhia,Ukraine,Lost,Simulated
2024-02-04,Donetsk,Ukraine,No Change,Simulated
2024-02-05,Crimea,Russia,No Change,Simulated
2024-02-06,Crimea,Ukraine,Lost,Simulated
2024-02-07,Crimea,Russia,Gained,Simulated
2024-02-08,Luhansk,Ukraine,Lost,Simulated
2024-02-09,Kharkiv,Russia,Lost,Simulated
2024-02-10,Kharkiv,Russia,Lost,Simulated
2024-02-11,Kharkiv,Ukraine,No Change,Simulated
2024-02-12,Donetsk,Ukraine,Gained,Simulated
2024-02-13,Kharkiv,Ukraine,No Change,Simulated
2024-02-14,Luhansk,Ukraine,Gained,Simulated
2024-02-15,Crimea,Russia,Gained,Simulated
2024-02-16,Zaporizhzhia,Ukraine,Lost,Simulated
2024-02-17,Donetsk,Ukraine,Gained,Simulated
2024-02-18,Kharkiv,Ukraine,No Change,Simulated
2024-02-19,Donetsk,Ukraine,Lost,Simulated
2024-02-20,Crimea,Russia,Lost,Simulated
2024-02-21,Kharkiv,Russia,Gained,Simulated
2024-02-22,Kharkiv,Russia,No Change,Simulated
2024-02-23,Crimea,Russia,Lost,Simulated
2024-02-24,Donetsk,Ukraine,Lost,Simulated
2024-02-25,Kharkiv,Russia,Lost,Simulated
2024-02-26,Crimea,Ukraine,No Change,Simulated
2024-02-27,Crimea,Russia,No Change,Simulated
2024-02-28,Kharkiv,Ukraine,Lost,Simulated
2024-02-29,Donetsk,Ukraine,Lost,Simulated
2024-03-01,Kharkiv,Russia,No Change,Simulated
2024-03-02,Donetsk,Russia,Gained,Simulated
2024-03-03,Zaporizhzhia,Ukraine,Lost,Simulated
2024-03-04,Kharkiv,Russia,Lost,Simulated
2024-03-05,Donetsk,Ukraine,Gained,Simulated
2024-03-06,Crimea,Russia,Gained,Simulated
2024-03-07,Zaporizhzhia,Russia,Lost,Simulated
2024-03-08,Donetsk,Russia,No Change,Simulated
2024-03-09,Luhansk,Ukraine,Gained,Simulated
2024-03-10,Donetsk,Ukraine,No Change,Simulated
2024-03-11,Crimea,Russia,Gained,Simulated
2024-03-12,Luhansk,Russia,Gained,Simulated
2024-03-13,Kharkiv,Ukraine,Gained,Simulated
2024-03-14,Crimea,Ukraine,No Change,Simulated
2024-03-15,Luhansk,Ukraine,No Change,Simulated
2024-03-16,Crimea,Ukraine,Gained,Simulated
2024-03-17,Luhansk,Ukraine,Gained,Simulated
2024-03-18,Kharkiv,Ukraine,Lost,Simulated
2024-03-19,Crimea,Ukraine,No Change,Simulated
2024-03-20,Zaporizhzhia,Ukraine,Lost,Simulated
2024-03-21,Luhansk,Russia,No Change,Simulated
2024-03-22,Luhansk,Ukraine,Lost,Simulated
2024-03-23,Kharkiv,Ukraine,Lost,Simulated
2024-03-24,Luhansk,Ukraine,No Change,Simulated
2024-03-25,Kharkiv,Ukraine,Lost,Simulated
2024-03-26,Zaporizhzhia,Russia,Gained,Simulated
2024-03-27,Luhansk,Ukraine,Gained,Simulated
2024-03-28,Donetsk,Russia,Lost,Simulated
2024-03-29,Donetsk,Russia,No Change,Simulated
2024-03-30,Crimea,Ukraine,Gained,Simulated
2024-03-31,Luhansk,Ukraine,Lost,Simulated
2024-04-01,Donetsk,Russia,Lost,Simulated
2024-04-02,Kharkiv,Ukraine,Lost,Simulated
2024-04-03,Donetsk,Russia,No Change,Simulated
2024-04-04,Kharkiv,Russia,Lost,Simulated
2024-04-05,Kharkiv,Russia,No Change,Simulated
2024-04-06,Donetsk,Ukraine,Lost,Simulated
2024-04-07,Donetsk,Ukraine,Gained,Simulated
2024-04-08,Donetsk,Russia,Lost,Simulated
2024-04-09,Donetsk,Russia,No Change,Simulated
2024-04-10,Crimea,Russia,No Change,Simulated
2024-04-11,Donetsk,Ukraine,Gained,Simulated
2024-04-12,Zaporizhzhia,Ukraine,Gained,Simulated
2024-04-13,Zaporizhzhia,Ukraine,Lost,Simulated
2024-04-14,Crimea,Ukraine,Gained,Simulated
2024-04-15,Donetsk,Ukraine,No Change,Simulated
2024-04-16,Kharkiv,Russia,No Change,Simulated
2024-04-17,Crimea,Ukraine,Gained,Simulated
2024-04-18,Donetsk,Russia,Gained,Simulated
2024-04-19,Kharkiv,Ukraine,Gained,Simulated
2024-04-20,Donetsk,Russia,No Change,Simulated
2024-04-21,Zaporizhzhia,Ukraine,Lost,Simulated
2024-04-22,Zaporizhzhia,Ukraine,Gained,Simulated
2024-04-23,Crimea,Russia,Lost,Simulated
2024-04-24,Kharkiv,Ukraine,Gained,Simulated
2024-04-25,Luhansk,Ukraine,No Change,Simulated
2024-04-26,Crimea,Ukraine,Gained,Simulated
2024-04-27,Luhansk,Ukraine,No Change,Simulated
2024-04-28,Zaporizhzhia,Russia,Lost,Simulated
2024-04-29,Donetsk,Ukraine,Lost,Simulated
2024-04-30,Zaporizhzhia,Ukraine,Lost,Simulated
2024-05-01,Kharkiv,Ukraine,Lost,Simulated
2024-05-02,Crimea,Ukraine,No Change,Simulated
2024-05-03,Crimea,Russia,Lost,Simulated
2024-05-04,Kharkiv,Ukraine,Lost,Simulated
2024-05-05,Zaporizhzhia,Russia,Lost,Simulated
2024-05-06,Crimea,Russia,Lost,Simulated
2024-05-07,Donetsk,Russia,Gained,Simulated
2024-05-08,Kharkiv,Russia,Lost,Simulated
2024-05-09,Luhansk,Russia,Lost,Simulated
2024-05-10,Crimea,Ukraine,Gained,Simulated
2024-05-11,Luhansk,Russia,No Change,Simulated
2024-05-12,Kharkiv,Russia,Gained,Simulated
2024-05-13,Crimea,Russia,No Change,Simulated
2024-05-14,Zaporizhzhia,Ukraine,Gained,Simulated
2024-05-15,Donetsk,Russia,No Change,Simulated
2024-05-16,Crimea,Russia,Gained,Simulated
2024-05-17,Crimea,Russia,Lost,Simulated
2024-05-18,Luhansk,Ukraine,Lost,Simulated
2024-05-19,Donetsk,Ukraine,Gained,Simulated
2024-05-20,Kharkiv,Russia,No Change,Simulated
2024-05-21,Kharkiv,Ukraine,Lost,Simulated
2024-05-22,Kharkiv,Russia,No Change,Simulated
2024-05-23,Kharkiv,Russia,Lost,Simulated
2024-05-24,Luhansk,Ukraine,Gained,Simulated
2024-05-25,Zaporizhzhia,Ukraine,No Change,Simulated
2024-05-26,Luhansk,Ukraine,No Change,Simulated
2024-05-27,Zaporizhzhia,Russia,Gained,Simulated
2024-05-28,Donetsk,Ukraine,Lost,Simulated
2024-05-29,Zaporizhzhia,Russia,No Change,Simulated
2024-05-30,Donetsk,Russia,No Change,Simulated
2024-05-31,Zaporizhzhia,Russia,Lost,Simulated
2024-06-01,Kharkiv,Russia,Lost,Simulated
2024-06-02,Zaporizhzhia,Ukraine,Gained,Simulated
2024-06-03,Donetsk,Russia,Lost,Simulated
2024-06-04,Zaporizhzhia,Ukraine,Lost,Simulated
2024-06-05,Kharkiv,Ukraine,No Change,Simulated
2024-06-06,Donetsk,Russia,Lost,Simulated
2024-06-07,Kharkiv,Russia,Lost,Simulated
2024-06-08,Zaporizhzhia,Russia,No Change,Simulated
2024-06-09,Luhansk,Ukraine,Lost,Simulated
2024-06-10,Donetsk,Ukraine,Lost,Simulated
2024-06-11,Luhansk,Russia,No Change,Simulated
2024-06-12,Zaporizhzhia,Russia,Lost,Simulated
2024-06-13,Zaporizhzhia,Ukraine,No Change,Simulated
2024-06-14,Crimea,Russia,Gained,Simulated
2024-06-15,Luhansk,Russia,No Change,Simulated
2024-06-16,Donetsk,Ukraine,Lost,Simulated
2024-06-17,Crimea,Ukraine,Gained,Simulated
2024-06-18,Luhansk,Ukraine,Lost,Simulated
2024-06-19,Luhansk,Russia,No Change,Simulated
2024-06-20,Kharkiv,Ukraine,Gained,Simulated
2024-06-21,Zaporizhzhia,Ukraine,Lost,Simulated
2024-06-22,Donetsk,Ukraine,Gained,Simulated
2024-06-23,Donetsk,Russia,Gained,Simulated
2024-06-24,Luhansk,Ukraine,Gained,Simulated
2024-06-25,Zaporizhzhia,Ukraine,Gained,Simulated
2024-06-26,Donetsk,Russia,Lost,Simulated
2024-06-27,Crimea,Ukraine,No Change,Simulated
2024-06-28,Kharkiv,Russia,No Change,Simulated
2024-06-29,Zaporizhzhia,Ukraine,No Change,Simulated
2024-06-30,Kharkiv,Ukraine,Gained,Simulated
2024-07-01,Zaporizhzhia,Ukraine,Gained,Simulated
2024-07-02,Crimea,Russia,Gained,Simulated
2024-07-03,Kharkiv,Russia,Lost,Simulated
2024-07-04,Zaporizhzhia,Ukraine,Gained,Simulated
2024-07-05,Luhansk,Ukraine,Gained,Simulated
2024-07-06,Donetsk,Ukraine,No Change,Simulated
2024-07-07,Kharkiv,Russia,Lost,Simulated
2024-07-08,Luhansk,Ukraine,Lost,Simulated
2024-07-09,Luhansk,Ukraine,Lost,Simulated
2024-07-10,Donetsk,Ukraine,No Change,Simulated
2024-07-11,Donetsk,Russia,Lost,Simulated
2024-07-12,Luhansk,Russia,No Change,Simulated
2024-07-13,Kharkiv,Ukraine,No Change,Simulated
2024-07-14,Luhansk,Russia,Gained,Simulated
2024-07-15,Kharkiv,Ukraine,No Change,Simulated
2024-07-16,Luhansk,Ukraine,Gained,Simulated
2024-07-17,Donetsk,Ukraine,Gained,Simulated
2024-07-18,Zaporizhzhia,Ukraine,Gained,Simulated
2024-07-19,Donetsk,Russia,Gained,Simulated
2024-07-20,Zaporizhzhia,Ukraine,Gained,Simulated
2024-07-21,Crimea,Ukraine,Lost,Simulated
2024-07-22,Kharkiv,Ukraine,No Change,Simulated
2024-07-23,Kharkiv,Russia,Lost,Simulated
2024-07-24,Crimea,Russia,Lost,Simulated
2024-07-25,Donetsk,Ukraine,Lost,Simulated
2024-07-26,Kharkiv,Russia,No Change,Simulated
2024-07-27,Kharkiv,Ukraine,Gained,Simulated
2024-07-28,Kharkiv,Ukraine,Gained,Simulated
2024-07-29,Crimea,Russia,No Change,Simulated
2024-07-30,Crimea,Ukraine,No Change,Simulated
2024-07-31,Donetsk,Ukraine,Gained,Simulated
2024-08-01,Luhansk,Russia,No Change,Simulated
2024-08-02,Donetsk,Ukraine,Gained,Simulated
2024-08-03,Crimea,Russia,Lost,Simulated
2024-08-04,Crimea,Russia,Lost,Simulated
2024-08-05,Kharkiv,Russia,Gained,Simulated
2024-08-06,Luhansk,Russia,No Change,Simulated
2024-08-07,Luhansk,Russia,Lost,Simulated
2024-08-08,Luhansk,Ukraine,Gained,Simulated
2024-08-09,Kharkiv,Russia,Gained,Simulated
2024-08-10,Luhansk,Russia,No Change,Simulated
2024-08-11,Kharkiv,Ukraine,No Change,Simulated
2024-08-12,Luhansk,Ukraine,Lost,Simulated
2024-08-13,Donetsk,Russia,Gained,Simulated
2024-08-14,Zaporizhzhia,Russia,Gained,Simulated
2024-08-15,Kharkiv,Russia,Gained,Simulated
2024-08-16,Kharkiv,Russia,No Change,Simulated
2024-08-17,Kharkiv,Ukraine,Lost,Simulated
2024-08-18,Donetsk,Russia,Lost,Simulated
2024-08-19,Kharkiv,Russia,Lost,Simulated
2024-08-20,Donetsk,Ukraine,Gained,Simulated
2024-08-21,Crimea,Russia,No Change,Simulated
2024-08-22,Zaporizhzhia,Ukraine,No Change,Simulated
2024-08-23,Crimea,Ukraine,No Change,Simulated
2024-08-24,Donetsk,Ukraine,Gained,Simulated
2024-08-25,Kharkiv,Ukraine,Gained,Simulated
2024-08-26,Kharkiv,Russia,Lost,Simulated
2024-08-27,Kharkiv,Russia,Lost,Simulated
2024-08-28,Luhansk,Ukraine,Lost,Simulated
2024-08-29,Donetsk,Ukraine,Lost,Simulated
2024-08-30,Kharkiv,Russia,Lost,Simulated
2024-08-31,Crimea,Ukraine,No Change,Simulated
2024-09-01,Donetsk,Ukraine,Gained,Simulated
2024-09-02,Luhansk,Russia,Gained,Simulated
2024-09-03,Zaporizhzhia,Ukraine,Lost,Simulated
2024-09-04,Donetsk,Russia,Gained,Simulated
2024-09-05,Crimea,Ukraine,No Change,Simulated
2024-09-06,Crimea,Russia,Gained,Simulated
2024-09-07,Luhansk,Russia,Lost,Simulated
2024-09-08,Kharkiv,Ukraine,Lost,Simulated
2024-09-09,Kharkiv,Ukraine,Gained,Simulated
2024-09-10,Luhansk,Ukraine,Lost,Simulated
2024-09-11,Crimea,Ukraine,Gained,Simulated
2024-09-12,Luhansk,Russia,Gained,Simulated
2024-09-13,Donetsk,Ukraine,No Change,Simulated
2024-09-14,Luhansk,Ukraine,Lost,Simulated
2024-09-15,Crimea,Russia,Gained,Simulated
2024-09-16,Crimea,Russia,Lost,Simulated
2024-09-17,Kharkiv,Russia,Lost,Simulated
2024-09-18,Zaporizhzhia,Ukraine,Lost,Simulated
2024-09-19,Kharkiv,Ukraine,Gained,Simulated
2024-09-20,Donetsk,Ukraine,Lost,Simulated
2024-09-21,Crimea,Ukraine,No Change,Simulated
2024-09-22,Crimea,Ukraine,Lost,Simulated
2024-09-23,Luhansk,Russia,Lost,Simulated
2024-09-24,Zaporizhzhia,Ukraine,No Change,Simulated
2024-09-25,Zaporizhzhia,Ukraine,Gained,Simulated
2024-09-26,Donetsk,Russia,Gained,Simulated
2024-09-27,Crimea,Russia,Lost,Simulated
2024-09-28,Zaporizhzhia,Russia,Lost,Simulated
2024-09-29,Luhansk,Russia,Lost,Simulated
2024-09-30,Luhansk,Ukraine,Gained,Simulated
2024-10-01,Zaporizhzhia,Russia,Lost,Simulated
2024-10-02,Crimea,Russia,Gained,Simulated
2024-10-03,Donetsk,Ukraine,Gained,Simulated
2024-10-04,Donetsk,Ukraine,No Change,Simulated
2024-10-05,Luhansk,Russia,No Change,Simulated
2024-10-06,Crimea,Russia,No Change,Simulated
2024-10-07,Donetsk,Russia,Lost,Simulated
2024-10-08,Crimea,Ukraine,No Change,Simulated
2024-10-09,Luhansk,Russia,Gained,Simulated
2024-10-10,Zaporizhzhia,Ukraine,No Change,Simulated
2024-10-11,Kharkiv,Ukraine,No Change,Simulated
2024-10-12,Donetsk,Ukraine,Gained,Simulated
2024-10-13,Kharkiv,Russia,Lost,Simulated
2024-10-14,Luhansk,Russia,No Change,Simulated
2024-10-15,Kharkiv,Russia,Lost,Simulated
2024-10-16,Crimea,Ukraine,Lost,Simulated
2024-10-17,Luhansk,Ukraine,No Change,Simulated
2024-10-18,Crimea,Russia,Lost,Simulated
2024-10-19,Donetsk,Ukraine,No Change,Simulated
2024-10-20,Crimea,Russia,Lost,Simulated
2024-10-21,Luhansk,Russia,No Change,Simulated
2024-10-22,Zaporizhzhia,Ukraine,No Change,Simulated
2024-10-23,Kharkiv,Russia,Gained,Simulated
2024-10-24,Zaporizhzhia,Ukraine,Gained,Simulated
2024-10-25,Luhansk,Ukraine,No Change,Simulated
2024-10-26,Crimea,Russia,No Change,Simulated
2024-10-27,Donetsk,Russia,No Change,Simulated
2024-10-28,Luhansk,Russia,No Change,Simulated
2024-10-29,Kharkiv,Ukraine,Lost,Simulated
2024-10-30,Luhansk,Ukraine,No Change,Simulated
2024-10-31,Kharkiv,Russia,No Change,Simulated
2024-11-01,Crimea,Russia,No Change,Simulated
2024-11-02,Zaporizhzhia,Russia,Lost,Simulated
2024-11-03,Donetsk,Ukraine,Gained,Simulated
2024-11-04,Kharkiv,Russia,Lost,Simulated
2024-11-05,Donetsk,Russia,No Change,Simulated
2024-11-06,Zaporizhzhia,Ukraine,Gained,Simulated
2024-11-07,Zaporizhzhia,Russia,Gained,Simulated
2024-11-08,Donetsk,Ukraine,Gained,Simulated
2024-11-09,Crimea,Russia,Lost,Simulated
2024-11-10,Zaporizhzhia,Russia,No Change,Simulated
2024-11-11,Luhansk,Ukraine,No Change,Simulated
2024-11-12,Zaporizhzhia,Russia,Lost,Simulated
2024-11-13,Luhansk,Russia,No Change,Simulated
2024-11-14,Luhansk,Russia,Gained,Simulated
2024-11-15,Luhansk,Russia,Gained,Simulated
2024-11-16,Crimea,Russia,Lost,Simulated
2024-11-17,Kharkiv,Russia,No Change,Simulated
2024-11-18,Donetsk,Ukraine,Gained,Simulated
2024-11-19,Kharkiv,Ukraine,Lost,Simulated
2024-11-20,Kharkiv,Russia,Gained,Simulated
2024-11-21,Kharkiv,Ukraine,No Change,Simulated
2024-11-22,Luhansk,Russia,Gained,Simulated
2024-11-23,Crimea,Russia,Lost,Simulated
2024-11-24,Crimea,Ukraine,Gained,Simulated
2024-11-25,Crimea,Ukraine,Gained,Simulated
2024-11-26,Donetsk,Russia,Gained,Simulated
2024-11-27,Crimea,Ukraine,Gained,Simulated
2024-11-28,Luhansk,Ukraine,No Change,Simulated
2024-11-29,Zaporizhzhia,Russia,Gained,Simulated
2024-11-30,Luhansk,Ukraine,No Change,Simulated
2024-12-01,Kharkiv,Russia,Gained,Simulated
2024-12-02,Zaporizhzhia,Ukraine,Gained,Simulated
2024-12-03,Crimea,Russia,No Change,Simulated
2024-12-04,Donetsk,Russia,No Change,Simulated
2024-12-05,Kharkiv,Russia,No Change,Simulated
2024-12-06,Kharkiv,Ukraine,No Change,Simulated
2024-12-07,Kharkiv,Ukraine,Lost,Simulated
2024-12-08,Crimea,Ukraine,Lost,Simulated
2024-12-09,Kharkiv,Russia,Lost,Simulated
2024-12-10,Crimea,Russia,No Change,Simulated
2024-12-11,Kharkiv,Russia,Lost,Simulated
2024-12-12,Donetsk,Ukraine,Gained,Simulated
2024-12-13,Luhansk,Russia,Lost,Simulated
2024-12-14,Donetsk,Ukraine,No Change,Simulated
2024-12-15,Crimea,Russia,No Change,Simulated
2024-12-16,Crimea,Russia,No Change,Simulated
2024-12-17,Donetsk,Ukraine,Gained,Simulated
2024-12-18,Donetsk,Russia,Lost,Simulated
2024-12-19,Zaporizhzhia,Russia,Lost,Simulated
2024-12-20,Donetsk,Ukraine,Gained,Simulated
2024-12-21,Donetsk,Russia,Gained,Simulated
2024-12-22,Luhansk,Russia,Lost,Simulated
2024-12-23,Zaporizhzhia,Russia,No Change,Simulated
2024-12-24,Donetsk,Russia,No Change,Simulated
2024-12-25,Kharkiv,Russia,No Change,Simulated
2024-12-26,Donetsk,Ukraine,Lost,Simulated
2024-12-27,Donetsk,Russia,Lost,Simulated
2024-12-28,Kharkiv,Russia,No Change,Simulated
2024-12-29,Donetsk,Ukraine,No Change,Simulated
2024-12-30,Donetsk,Russia,Gained,Simulated
2024-12-31,Luhansk,Russia,No Change,Simulated
2025-01-01,Kharkiv,Russia,Lost,Simulated
2025-01-02,Luhansk,Russia,Lost,Simulated
2025-01-03,Luhansk,Ukraine,Gained,Simulated
2025-01-04,Zaporizhzhia,Russia,Lost,Simulated
2025-01-05,Crimea,Russia,Gained,Simulated
2025-01-06,Zaporizhzhia,Ukraine,No Change,Simulated
2025-01-07,Donetsk,Ukraine,Lost,Simulated
2025-01-08,Zaporizhzhia,Russia,Gained,Simulated
2025-01-09,Donetsk,Russia,Gained,Simulated
2025-01-10,Kharkiv,Ukraine,Gained,Simulated
2025-01-11,Luhansk,Ukraine,Gained,Simulated
2025-01-12,Donetsk,Russia,No Change,Simulated
2025-01-13,Kharkiv,Russia,No Change,Simulated
2025-01-14,Zaporizhzhia,Russia,Gained,Simulated
2025-01-15,Kharkiv,Ukraine,Lost,Simulated
2025-01-16,Crimea,Russia,Lost,Simulated
2025-01-17,Luhansk,Ukraine,Gained,Simulated
2025-01-18,Luhansk,Ukraine,Lost,Simulated
2025-01-19,Zaporizhzhia,Russia,Gained,Simulated
2025-01-20,Crimea,Ukraine,Gained,Simulated
2025-01-21,Crimea,Ukraine,Lost,Simulated
2025-01-22,Donetsk,Russia,No Change,Simulated
2025-01-23,Luhansk,Ukraine,Lost,Simulated
2025-01-24,Zaporizhzhia,Ukraine,Lost,Simulated
2025-01-25,Donetsk,Ukraine,Lost,Simulated
2025-01-26,Luhansk,Ukraine,Gained,Simulated
2025-01-27,Donetsk,Ukraine,Gained,Simulated
2025-01-28,Kharkiv,Ukraine,Gained,Simulated
2025-01-29,Kharkiv,Ukraine,Gained,Simulated
2025-01-30,Crimea,Ukraine,Lost,Simulated
2025-01-31,Luhansk,Ukraine,No Change,Simulated
2025-02-01,Crimea,Russia,Gained,Simulated
2025-02-02,Zaporizhzhia,Russia,No Change,Simulated
2025-02-03,Zaporizhzhia,Russia,Lost,Simulated
2025-02-04,Kharkiv,Ukraine,No Change,Simulated
2025-02-05,Luhansk,Ukraine,Lost,Simulated
2025-02-06,Donetsk,Russia,No Change,Simulated
2025-02-07,Kharkiv,Ukraine,Gained,Simulated
2025-02-08,Kharkiv,Russia,No Change,Simulated
2025-02-09,Crimea,Ukraine,Lost,Simulated
2025-02-10,Donetsk,Russia,Gained,Simulated
2025-02-11,Kharkiv,Ukraine,No Change,Simulated
2025-02-12,Donetsk,Ukraine,Lost,Simulated
2025-02-13,Kharkiv,Russia,Lost,Simulated
2025-02-14,Zaporizhzhia,Ukraine,No Change,Simulated
2025-02-15,Luhansk,Russia,No Change,Simulated
2025-02-16,Kharkiv,Russia,No Change,Simulated
2025-02-17,Crimea,Russia,Lost,Simulated
2025-02-18,Luhansk,Russia,No Change,Simulated
2025-02-19,Kharkiv,Ukraine,No Change,Simulated
2025-02-20,Luhansk,Russia,Lost,Simulated
2025-02-21,Crimea,Russia,No Change,Simulated
2025-02-22,Crimea,Ukraine,Lost,Simulated
2025-02-23,Crimea,Ukraine,No Change,Simulated
2025-02-24,Luhansk,Ukraine,Gained,Simulated
2025-02-25,Kharkiv,Russia,No Change,Simulated
2025-02-26,Luhansk,Russia,Lost,Simulated
2025-02-27,Zaporizhzhia,Russia,Gained,Simulated
2025-02-28,Luhansk,Ukraine,Lost,Simulated
2025-03-01,Donetsk,Ukraine,Gained,Simulated
2025-03-02,Luhansk,Russia,No Change,Simulated
2025-03-03,Kharkiv,Russia,No Change,Simulated
2025-03-04,Crimea,Ukraine,Lost,Simulated
2025-03-05,Luhansk,Ukraine,Lost,Simulated
2025-03-06,Luhansk,Russia,Gained,Simulated
2025-03-07,Zaporizhzhia,Russia,No Change,Simulated
2025-03-08,Donetsk,Russia,Lost,Simulated
2025-03-09,Kharkiv,Russia,No Change,Simulated
2025-03-10,Kharkiv,Ukraine,Gained,Simulated
2025-03-11,Luhansk,Russia,No Change,Simulated
2025-03-12,Luhansk,Russia,Gained,Simulated
2025-03-13,Crimea,Russia,No Change,Simulated
2025-03-14,Donetsk,Russia,Lost,Simulated
2025-03-15,Crimea,Russia,Lost,Simulated
2025-03-16,Crimea,Ukraine,Lost,Simulated
2025-03-17,Luhansk,Russia,No Change,Simulated
2025-03-18,Zaporizhzhia,Russia,Gained,Simulated
2025-03-19,Donetsk,Russia,Gained,Simulated
2025-03-20,Luhansk,Ukraine,Gained,Simulated
2025-03-21,Donetsk,Russia,No Change,Simulated
2025-03-22,Luhansk,Ukraine,No Change,Simulated
2025-03-23,Crimea,Ukraine,No Change,Simulated
2025-03-24,Luhansk,Russia,Lost,Simulated
2025-03-25,Kharkiv,Russia,No Change,Simulated
2025-03-26,Zaporizhzhia,Russia,Lost,Simulated
2025-03-27,Kharkiv,Ukraine,Gained,Simulated
2025-03-28,Crimea,Ukraine,Lost,Simulated
2025-03-29,Luhansk,Russia,Lost,Simulated
2025-03-30,Crimea,Ukraine,No Change,Simulated
2025-03-31,Crimea,Russia,No Change,Simulated
2025-04-01,Zaporizhzhia,Ukraine,Lost,Simulated
2025-04-02,Luhansk,Russia,Gained,Simulated
2025-04-03,Luhansk,Russia,Gained,Simulated
2025-04-04,Kharkiv,Ukraine,Lost,Simulated
2025-04-05,Crimea,Russia,Gained,Simulated
2025-04-06,Kharkiv,Ukraine,Gained,Simulated
2025-04-07,Crimea,Ukraine,No Change,Simulated
2025-04-08,Crimea,Ukraine,Lost,Simulated
2025-04-09,Kharkiv,Ukraine,Lost,Simulated
2025-04-10,Kharkiv,Russia,Gained,Simulated
2025-04-11,Kharkiv,Ukraine,Gained,Simulated
2025-04-12,Zaporizhzhia,Russia,Gained,Simulated
2025-04-13,Crimea,Russia,No Change,Simulated
2025-04-14,Kharkiv,Russia,Lost,Simulated
2025-04-15,Luhansk,Ukraine,No Change,Simulated
2025-04-16,Luhansk,Ukraine,No Change,Simulated
2025-04-17,Luhansk,Russia,No Change,Simulated
2025-04-18,Luhansk,Ukraine,No Change,Simulated
2025-04-19,Luhansk,Ukraine,Lost,Simulated
2025-04-20,Kharkiv,Russia,Gained,Simulated
2025-04-21,Donetsk,Russia,Gained,Simulated
2025-04-22,Donetsk,Ukraine,Gained,Simulated
2025-04-23,Kharkiv,Russia,Gained,Simulated
2025-04-24,Zaporizhzhia,Russia,Gained,Simulated
2025-04-25,Zaporizhzhia,Ukraine,No Change,Simulated
2025-04-26,Zaporizhzhia,Ukraine,No Change,Simulated
2025-04-27,Zaporizhzhia,Russia,Lost,Simulated
2025-04-28,Crimea,Russia,Lost,Simulated
2025-04-29,Kharkiv,Ukraine,Gained,Simulated
2025-04-30,Luhansk,Ukraine,No Change,Simulated
2025-05-01,Donetsk,Russia,Lost,Simulated
2025-05-02,Luhansk,Ukraine,Gained,Simulated
2025-05-03,Kharkiv,Russia,No Change,Simulated
2025-05-04,Crimea,Ukraine,Lost,Simulated
2025-05-05,Donetsk,Russia,No Change,Simulated
2025-05-06,Zaporizhzhia,Ukraine,No Change,Simulated
